sec, nsec, Error1, Error2, Error3, Error4, Error5, Error6, Error7, Error8, Error9, Error10, Error11, Error12, Error13, Error14, Error15, Error16, Error17, Error18, Error19, Error20, 
1621593215,803479364,0,0,0,0,0,0,0,0,0,0,0,0,0,0,0,0,0,0,0,0,
1621593215,836452416,0,0,0,0,0,0,0,0,0,0,0,0,0,0,0,0,0,0,0,0,
1621593215,870340679,0,0,0,0,0,0,0,0,0,0,0,0,0,0,0,0,0,0,0,0,
1621593215,903573710,0,0,0,0,0,0,0,0,0,0,0,0,0,0,0,0,0,0,0,0,
1621593215,936927840,0,0,0,0,0,0,0,0,0,0,0,0,0,0,0,0,0,0,0,0,
1621593215,970819824,0,0,0,0,0,0,0,0,0,0,0,0,0,0,0,0,0,0,0,0,
1621593216,2682947,0,0,0,0,0,0,0,0,0,0,0,0,0,0,0,0,0,0,0,0,
1621593216,42605463,0,0,0,0,0,0,0,0,0,0,0,0,0,0,0,0,0,0,0,0,
1621593216,69752568,0,0,0,0,0,0,0,0,0,0,0,0,0,0,0,0,0,0,0,0,
1621593216,103840786,0,0,0,0,0,0,0,0,0,0,0,0,0,0,0,0,0,0,0,0,
1621593216,136324222,0,0,0,0,0,0,0,0,0,0,0,0,0,0,0,0,0,0,0,0,
1621593216,170235405,0,0,0,0,0,0,0,0,0,0,0,0,0,0,0,0,0,0,0,0,
1621593216,203664229,0,0,0,0,0,0,0,0,0,0,0,0,0,0,0,0,0,0,0,0,
1621593216,239315137,0,0,0,0,0,0,0,0,0,0,0,0,0,0,0,0,0,0,0,0,
1621593216,270819532,0,0,0,0,0,0,0,0,0,0,0,0,0,0,0,0,0,0,0,0,
1621593216,304441693,0,0,0,0,0,0,0,0,0,0,0,0,0,0,0,0,0,0,0,0,
1621593216,336912755,0,0,0,0,0,0,0,0,0,0,0,0,0,0,0,0,0,0,0,0,
1621593216,371070045,0,0,0,0,0,0,0,0,0,0,0,0,0,0,0,0,0,0,0,0,
1621593216,402962803,0,0,0,0,0,0,0,0,0,0,0,0,0,0,0,0,0,0,0,0,
1621593216,436502153,0,0,0,0,0,0,0,0,0,0,0,0,0,0,0,0,0,0,0,0,
1621593216,470051018,0,0,0,0,0,0,0,0,0,0,0,0,0,0,0,0,0,0,0,0,
1621593216,503643826,0,0,0,0,0,0,0,0,0,0,0,0,0,0,0,0,0,0,0,0,
1621593216,536607991,0,0,0,0,0,0,0,0,0,0,0,0,0,0,0,0,0,0,0,0,
1621593216,572909051,0,0,0,0,0,0,0,0,0,0,0,0,0,0,0,0,0,0,0,0,
1621593216,603282764,0,0,0,0,0,0,0,0,0,0,0,0,0,0,0,0,0,0,0,0,
1621593216,636997058,0,0,0,0,0,0,0,0,0,0,0,0,0,0,0,0,0,0,0,0,
1621593216,669241622,0,0,0,0,0,0,0,0,0,0,0,0,0,0,0,0,0,0,0,0,
1621593216,702456115,0,0,0,0,0,0,0,0,0,0,0,0,0,0,0,0,0,0,0,0,
1621593216,737419752,0,0,0,0,0,0,0,0,0,0,0,0,0,0,0,0,0,0,0,0,
1621593216,772150511,0,0,0,0,0,0,0,0,0,0,0,0,0,0,0,0,0,0,0,0,
1621593216,806849885,0,0,0,0,0,0,0,0,0,0,0,0,0,0,0,0,0,0,0,0,
1621593216,837840309,0,0,0,0,0,0,0,0,0,0,0,0,0,0,0,0,0,0,0,0,
1621593216,876037646,0,0,0,0,0,0,0,0,0,0,0,0,0,0,0,0,0,0,0,0,
1621593216,903326662,0,0,0,0,0,0,0,0,0,0,0,0,0,0,0,0,0,0,0,0,
1621593216,937720438,0,0,0,0,0,0,0,0,0,0,0,0,0,0,0,0,0,0,0,0,
1621593216,969774773,0,0,0,0,0,0,0,0,0,0,0,0,0,0,0,0,0,0,0,0,
1621593217,4975218,0,0,0,0,0,0,0,0,0,0,0,0,0,0,0,0,0,0,0,0,
1621593217,36490815,0,0,0,0,0,0,0,0,0,0,0,0,0,0,0,0,0,0,0,0,
1621593217,70957225,0,0,0,0,0,0,0,0,0,0,0,0,0,0,0,0,0,0,0,0,
1621593217,104369973,0,0,0,0,0,0,0,0,0,0,0,0,0,0,0,0,0,0,0,0,
1621593217,137457515,0,0,0,0,0,0,0,0,0,0,0,0,0,0,0,0,0,0,0,0,
1621593217,169796180,0,0,0,0,0,0,0,0,0,0,0,0,0,0,0,0,0,0,0,0,
1621593217,207198816,0,0,0,0,0,0,0,0,0,0,0,0,0,0,0,0,0,0,0,0,
1621593217,237645566,0,0,0,0,0,0,0,0,0,0,0,0,0,0,0,0,0,0,0,0,
1621593217,269460366,0,0,0,0,0,0,0,0,0,0,0,0,0,0,0,0,0,0,0,0,
1621593217,305091380,0,0,0,0,0,0,0,0,0,0,0,0,0,0,0,0,0,0,0,0,
1621593217,337771935,0,0,0,0,0,0,0,0,0,0,0,0,0,0,0,0,0,0,0,0,
1621593217,370437768,0,0,0,0,0,0,0,0,0,0,0,0,0,0,0,0,0,0,0,0,
1621593217,403806244,0,0,0,0,0,0,0,0,0,0,0,0,0,0,0,0,0,0,0,0,
1621593217,439249405,0,0,0,0,0,0,0,0,0,0,0,0,0,0,0,0,0,0,0,0,
1621593217,469717360,0,0,0,0,0,0,0,0,0,0,0,0,0,0,0,0,0,0,0,0,
1621593217,504499233,0,0,0,0,0,0,0,0,0,0,0,0,0,0,0,0,0,0,0,0,
1621593217,538081170,0,0,0,0,0,0,0,0,0,0,0,0,0,0,0,0,0,0,0,0,
1621593217,569314377,0,0,0,0,0,0,0,0,0,0,0,0,0,0,0,0,0,0,0,0,
1621593217,602684057,0,0,0,0,0,0,0,0,0,0,0,0,0,0,0,0,0,0,0,0,
1621593217,638035973,0,0,0,0,0,0,0,0,0,0,0,0,0,0,0,0,0,0,0,0,
1621593217,670023638,0,0,0,0,0,0,0,0,0,0,0,0,0,0,0,0,0,0,0,0,
1621593217,702708734,0,0,0,0,0,0,0,0,0,0,0,0,0,0,0,0,0,0,0,0,
1621593217,736764882,0,0,0,0,0,0,0,0,0,0,0,0,0,0,0,0,0,0,0,0,
1621593217,770387690,0,0,0,0,0,0,0,0,0,0,0,0,0,0,0,0,0,0,0,0,
1621593217,802387540,0,0,0,0,0,0,0,0,0,0,0,0,0,0,0,0,0,0,0,0,
1621593217,835701146,0,0,0,0,0,0,0,0,0,0,0,0,0,0,0,0,0,0,0,0,
1621593217,870896973,0,0,0,0,0,0,0,0,0,0,0,0,0,0,0,0,0,0,0,0,
1621593217,903803723,0,0,0,0,0,0,0,0,0,0,0,0,0,0,0,0,0,0,0,0,
1621593217,935927737,0,0,0,0,0,0,0,0,0,0,0,0,0,0,0,0,0,0,0,0,
1621593217,969730249,0,0,0,0,0,0,0,0,0,0,0,0,0,0,0,0,0,0,0,0,
1621593218,4378084,0,0,0,0,0,0,0,0,0,0,0,0,0,0,0,0,0,0,0,0,
1621593218,37297108,0,0,0,0,0,0,0,0,0,0,0,0,0,0,0,0,0,0,0,0,
1621593218,69414105,0,0,0,0,0,0,0,0,0,0,0,0,0,0,0,0,0,0,0,0,
1621593218,102604326,0,0,0,0,0,0,0,0,0,0,0,0,0,0,0,0,0,0,0,0,
1621593218,136525915,0,0,0,0,0,0,0,0,0,0,0,0,0,0,0,0,0,0,0,0,
1621593218,177412576,0,0,0,0,0,0,0,0,0,0,0,0,0,0,0,0,0,0,0,0,
1621593218,203313501,0,0,0,0,0,0,0,0,0,0,0,0,0,0,0,0,0,0,0,0,
1621593218,236570747,0,0,0,0,0,0,0,0,0,0,0,0,0,0,0,0,0,0,0,0,
1621593218,270688067,0,0,0,0,0,0,0,0,0,0,0,0,0,0,0,0,0,0,0,0,
1621593218,303921428,0,0,0,0,0,0,0,0,0,0,0,0,0,0,0,0,0,0,0,0,
1621593218,335539792,0,0,0,0,0,0,0,0,0,0,0,0,0,0,0,0,0,0,0,0,
1621593218,369278660,0,0,0,0,0,0,0,0,0,0,0,0,0,0,0,0,0,0,0,0,
1621593218,402340886,0,0,0,0,0,0,0,0,0,0,0,0,0,0,0,0,0,0,0,0,
1621593218,436627272,0,0,0,0,0,0,0,0,0,0,0,0,0,0,0,0,0,0,0,0,
1621593218,469510365,0,0,0,0,0,0,0,0,0,0,0,0,0,0,0,0,0,0,0,0,
1621593218,503101219,0,0,0,0,0,0,0,0,0,0,0,0,0,0,0,0,0,0,0,0,
1621593218,537564275,0,0,0,0,0,0,0,0,0,0,0,0,0,0,0,0,0,0,0,0,
1621593218,570110895,0,0,0,0,0,0,0,0,0,0,0,0,0,0,0,0,0,0,0,0,
1621593218,603645928,0,0,0,0,0,0,0,0,0,0,0,0,0,0,0,0,0,0,0,0,
1621593218,636638693,0,0,0,0,0,0,0,0,0,0,0,0,0,0,0,0,0,0,0,0,
1621593218,669817002,0,0,0,0,0,0,0,0,0,0,0,0,0,0,0,0,0,0,0,0,
1621593218,702441800,0,0,0,0,0,0,0,0,0,0,0,0,0,0,0,0,0,0,0,0,
1621593218,735679987,0,0,0,0,0,0,0,0,0,0,0,0,0,0,0,0,0,0,0,0,
1621593218,769595495,0,0,0,0,0,0,0,0,0,0,0,0,0,0,0,0,0,0,0,0,
1621593218,802240226,0,0,0,0,0,0,0,0,0,0,0,0,0,0,0,0,0,0,0,0,
1621593218,845670519,0,0,0,0,0,0,0,0,0,0,0,0,0,0,0,0,0,0,0,0,
1621593218,869202626,0,0,0,0,0,0,0,0,0,0,0,0,0,0,0,0,0,0,0,0,
1621593218,902400734,0,0,0,0,0,0,0,0,0,0,0,0,0,0,0,0,0,0,0,0,
1621593218,936226437,0,0,0,0,0,0,0,0,0,0,0,0,0,0,0,0,0,0,0,0,
1621593218,971272515,0,0,0,0,0,0,0,0,0,0,0,0,0,0,0,0,0,0,0,0,
1621593219,3068019,0,0,0,0,0,0,0,0,0,0,0,0,0,0,0,0,0,0,0,0,
1621593219,36254672,0,0,0,0,0,0,0,0,0,0,0,0,0,0,0,0,0,0,0,0,
1621593219,72426493,0,0,0,0,0,0,0,0,0,0,0,0,0,0,0,0,0,0,0,0,
1621593219,102544465,0,0,0,0,0,0,0,0,0,0,0,0,0,0,0,0,0,0,0,0,
1621593219,135776012,0,0,0,0,0,0,0,0,0,0,0,0,0,0,0,0,0,0,0,0,
1621593219,169557451,0,0,0,0,0,0,0,0,0,0,0,0,0,0,0,0,0,0,0,0,
1621593219,202678212,0,0,0,0,0,0,0,0,0,0,0,0,0,0,0,0,0,0,0,0,
1621593219,236596685,0,0,0,0,0,0,0,0,0,0,0,0,0,0,0,0,0,0,0,0,
1621593219,269018768,0,0,0,0,0,0,0,0,0,0,0,0,0,0,0,0,0,0,0,0,
1621593219,303477354,0,0,0,0,0,0,0,0,0,0,0,0,0,0,0,0,0,0,0,0,
1621593219,336951525,0,0,0,0,0,0,0,0,0,0,0,0,0,0,0,0,0,0,0,0,
1621593219,375541671,0,0,0,0,0,0,0,0,0,0,0,0,0,0,0,0,0,0,0,0,
1621593219,403055895,0,0,0,0,0,0,0,0,0,0,0,0,0,0,0,0,0,0,0,0,
1621593219,435991712,0,0,0,0,0,0,0,0,0,0,0,0,0,0,0,0,0,0,0,0,
1621593219,469045253,0,0,0,0,0,0,0,0,0,0,0,0,0,0,0,0,0,0,0,0,
1621593219,502342336,0,0,0,0,0,0,0,0,0,0,0,0,0,0,0,0,0,0,0,0,
1621593219,536979285,0,0,0,0,0,0,0,0,0,0,0,0,0,0,0,0,0,0,0,0,
1621593219,569481435,0,0,0,0,0,0,0,0,0,0,0,0,0,0,0,0,0,0,0,0,
1621593219,605462969,0,0,0,0,0,0,0,0,0,0,0,0,0,0,0,0,0,0,0,0,
1621593219,638487030,0,0,0,0,0,0,0,0,0,0,0,0,0,0,0,0,0,0,0,0,
1621593219,670530667,0,0,0,0,0,0,0,0,0,0,0,0,0,0,0,0,0,0,0,0,
1621593219,704333089,0,0,0,0,0,0,0,0,0,0,0,0,0,0,0,0,0,0,0,0,
1621593219,736893781,0,0,0,0,0,0,0,0,0,0,0,0,0,0,0,0,0,0,0,0,
1621593219,770388488,0,0,0,0,0,0,0,0,0,0,0,0,0,0,0,0,0,0,0,0,
1621593219,803076937,0,0,0,0,0,0,0,0,0,0,0,0,0,0,0,0,0,0,0,0,
1621593219,835202756,0,0,0,0,0,0,0,0,0,0,0,0,0,0,0,0,0,0,0,0,
1621593219,870755060,0,0,0,0,0,0,0,0,0,0,0,0,0,0,0,0,0,0,0,0,
1621593219,902212573,0,0,0,0,0,0,0,0,0,0,0,0,0,0,0,0,0,0,0,0,
1621593219,935993512,0,0,0,0,0,0,0,0,0,0,0,0,0,0,0,0,0,0,0,0,
1621593219,969033604,0,0,0,0,0,0,0,0,0,0,0,0,0,0,0,0,0,0,0,0,
1621593220,2546167,0,0,0,0,0,0,0,0,0,0,0,0,0,0,0,0,0,0,0,0,
1621593220,36263227,0,0,0,0,0,0,0,0,0,0,0,0,0,0,0,0,0,0,0,0,
1621593220,68752612,0,0,0,0,0,0,0,0,0,0,0,0,0,0,0,0,0,0,0,0,
1621593220,102631170,0,0,0,0,0,0,0,0,0,0,0,0,0,0,0,0,0,0,0,0,
1621593220,136021757,0,0,0,0,0,0,0,0,0,0,0,0,0,0,0,0,0,0,0,0,
1621593220,170093971,0,0,0,0,0,0,0,0,0,0,0,0,0,0,0,0,0,0,0,0,
1621593220,202862075,0,0,0,0,0,0,0,0,0,0,0,0,0,0,0,0,0,0,0,0,
1621593220,237663522,0,0,0,0,0,0,0,0,0,0,0,0,0,0,0,0,0,0,0,0,
1621593220,268699803,0,0,0,0,0,0,0,0,0,0,0,0,0,0,0,0,0,0,0,0,
1621593220,301747134,0,0,0,0,0,0,0,0,0,0,0,0,0,0,0,0,0,0,0,0,
1621593220,335896555,0,0,0,0,0,0,0,0,0,0,0,0,0,0,0,0,0,0,0,0,
1621593220,369616450,0,0,0,0,0,0,0,0,0,0,0,0,0,0,0,0,0,0,0,0,
1621593220,402054667,0,0,0,0,0,0,0,0,0,0,0,0,0,0,0,0,0,0,0,0,
1621593220,435118237,0,0,0,0,0,0,0,0,0,0,0,0,0,0,0,0,0,0,0,0,
1621593220,468796257,0,0,0,0,0,0,0,0,0,0,0,0,0,0,0,0,0,0,0,0,
1621593220,501664676,0,0,0,0,0,0,0,0,0,0,0,0,0,0,0,0,0,0,0,0,
1621593220,535421180,0,0,0,0,0,0,0,0,0,0,0,0,0,0,0,0,0,0,0,0,
1621593220,568722023,0,0,0,0,0,0,0,0,0,0,0,0,0,0,0,0,0,0,0,0,
1621593220,607579277,0,0,0,0,0,0,0,0,0,0,0,0,0,0,0,0,0,0,0,0,
1621593220,635426937,0,0,0,0,0,0,0,0,0,0,0,0,0,0,0,0,0,0,0,0,
1621593220,668952874,0,0,0,0,0,0,0,0,0,0,0,0,0,0,0,0,0,0,0,0,
1621593220,702169007,0,0,0,0,0,0,0,0,0,0,0,0,0,0,0,0,0,0,0,0,
1621593220,735590262,0,0,0,0,0,0,0,0,0,0,0,0,0,0,0,0,0,0,0,0,
1621593220,770780834,0,0,0,0,0,0,0,0,0,0,0,0,0,0,0,0,0,0,0,0,
1621593220,802519159,0,0,0,0,0,0,0,0,0,0,0,0,0,0,0,0,0,0,0,0,
1621593220,835925627,0,0,0,0,0,0,0,0,0,0,0,0,0,0,0,0,0,0,0,0,
1621593220,868400135,0,0,0,0,0,0,0,0,0,0,0,0,0,0,0,0,0,0,0,0,
1621593220,902308061,0,0,0,0,0,0,0,0,0,0,0,0,0,0,0,0,0,0,0,0,
1621593220,935050921,0,0,0,0,0,0,0,0,0,0,0,0,0,0,0,0,0,0,0,0,
1621593220,968393458,0,0,0,0,0,0,0,0,0,0,0,0,0,0,0,0,0,0,0,0,
1621593221,2343395,0,0,0,0,0,0,0,0,0,0,0,0,0,0,0,0,0,0,0,0,
1621593221,36455700,0,0,0,0,0,0,0,0,0,0,0,0,0,0,0,0,0,0,0,0,
1621593221,70283383,0,0,0,0,0,0,0,0,0,0,0,0,0,0,0,0,0,0,0,0,
1621593221,103118469,0,0,0,0,0,0,0,0,0,0,0,0,0,0,0,0,0,0,0,0,
1621593221,138198724,0,0,0,0,0,0,0,0,0,0,0,0,0,0,0,0,0,0,0,0,
1621593221,170894917,0,0,0,0,0,0,0,0,0,0,0,0,0,0,0,0,0,0,0,0,
1621593221,202946938,0,0,0,0,0,0,0,0,0,0,0,0,0,0,0,0,0,0,0,0,
1621593221,235746037,0,0,0,0,0,0,0,0,0,0,0,0,0,0,0,0,0,0,0,0,
1621593221,269115045,0,0,0,0,0,0,0,0,0,0,0,0,0,0,0,0,0,0,0,0,
1621593221,302251621,0,0,0,0,0,0,0,0,0,0,0,0,0,0,0,0,0,0,0,0,
1621593221,335441073,0,0,0,0,0,0,0,0,0,0,0,0,0,0,0,0,0,0,0,0,
1621593221,369140090,0,0,0,0,0,0,0,0,0,0,0,0,0,0,0,0,0,0,0,0,
1621593221,406073026,0,0,0,0,0,0,0,0,0,0,0,0,0,0,0,0,0,0,0,0,
1621593221,435653438,0,0,0,0,0,0,0,0,0,0,0,0,0,0,0,0,0,0,0,0,
1621593221,468731559,0,0,0,0,0,0,0,0,0,0,0,0,0,0,0,0,0,0,0,0,
1621593221,502122894,0,0,0,0,0,0,0,0,0,0,0,0,0,0,0,0,0,0,0,0,
1621593221,544703285,0,0,0,0,0,0,0,0,0,0,0,0,0,0,0,0,0,0,0,0,
1621593221,570684282,0,0,0,0,0,0,0,0,0,0,0,0,0,0,0,0,0,0,0,0,
1621593221,602036447,0,0,0,0,0,0,0,0,0,0,0,0,0,0,0,0,0,0,0,0,
1621593221,635417984,0,0,0,0,0,0,0,0,0,0,0,0,0,0,0,0,0,0,0,0,
1621593221,673840154,0,0,0,0,0,0,0,0,0,0,0,0,0,0,0,0,0,0,0,0,
1621593221,701841896,0,0,0,0,0,0,0,0,0,0,0,0,0,0,0,0,0,0,0,0,
1621593221,735520954,0.0046,0.0016,0.0037,0.0012,0,0,0,0,0,0,0,0,0,0,0,0,0,0,0,0,
1621593221,769153753,0.0098,0.0032,0,0,0,0,0,0,0,0,0,0,0,0,0,0,0,0,0,0,
1621593221,801864526,0.0261,0.0082,0.0248,0.0077,0,0,0,0,0,0,0,0,0,0,0,0,0,0,0,0,
1621593221,838151663,0.0129,0.0037,0.0128,0.0037,0,0,0,0,0,0,0,0,0,0,0,0,0,0,0,0,
1621593221,868737807,0.0176,0.0051,0.0181,0.0052,0,0,0,0,0,0,0,0,0,0,0,0,0,0,0,0,
1621593221,901966485,0.0403,0.0122,0.0171,0.0049,0.0395,0.012,0,0,0,0,0,0,0,0,0,0,0,0,0,0,
1621593221,935250069,0.0679,0.0263,0.0167,0.0048,0.0146,0.0042,0,0,0,0,0,0,0,0,0,0,0,0,0,0,
1621593221,968689731,0.0169,0.0049,0.0148,0.0043,0,0,0,0,0,0,0,0,0,0,0,0,0,0,0,0,
1621593222,2749211,0.03,0.0098,0,0,0,0,0,0,0,0,0,0,0,0,0,0,0,0,0,0,
1621593222,35811856,0.0053,0.0017,0.001,0.0003,0.0194,0.0066,0.0183,0.0061,0,0,0,0,0,0,0,0,0,0,0,0,
1621593222,68170956,0,0,0,0,0,0,0,0,0,0,0,0,0,0,0,0,0,0,0,0,
1621593222,102946577,0,0,0,0,0,0,0,0,0,0,0,0,0,0,0,0,0,0,0,0,
1621593222,135118029,0,0,0,0,0,0,0,0,0,0,0,0,0,0,0,0,0,0,0,0,
1621593222,172159967,0,0,0,0,0,0,0,0,0,0,0,0,0,0,0,0,0,0,0,0,
1621593222,201401642,0,0,0,0,0,0,0,0,0,0,0,0,0,0,0,0,0,0,0,0,
1621593222,236446503,0,0,0,0,0,0,0,0,0,0,0,0,0,0,0,0,0,0,0,0,
1621593222,267635242,0,0,0,0,0,0,0,0,0,0,0,0,0,0,0,0,0,0,0,0,
1621593222,303533596,0,0,0,0,0,0,0,0,0,0,0,0,0,0,0,0,0,0,0,0,
1621593222,336802252,0,0,0,0,0,0,0,0,0,0,0,0,0,0,0,0,0,0,0,0,
1621593222,369014548,0,0,0,0,0,0,0,0,0,0,0,0,0,0,0,0,0,0,0,0,
1621593222,402682087,0,0,0,0,0,0,0,0,0,0,0,0,0,0,0,0,0,0,0,0,
1621593222,436091496,0,0,0,0,0,0,0,0,0,0,0,0,0,0,0,0,0,0,0,0,
1621593222,468662935,0,0,0,0,0,0,0,0,0,0,0,0,0,0,0,0,0,0,0,0,
1621593222,502297672,0,0,0,0,0,0,0,0,0,0,0,0,0,0,0,0,0,0,0,0,
1621593222,536312135,0,0,0,0,0,0,0,0,0,0,0,0,0,0,0,0,0,0,0,0,
1621593222,573591816,0,0,0,0,0,0,0,0,0,0,0,0,0,0,0,0,0,0,0,0,
1621593222,603678758,0,0,0,0,0,0,0,0,0,0,0,0,0,0,0,0,0,0,0,0,
1621593222,635734686,0,0,0,0,0,0,0,0,0,0,0,0,0,0,0,0,0,0,0,0,
1621593222,669463147,0,0,0,0,0,0,0,0,0,0,0,0,0,0,0,0,0,0,0,0,
1621593222,702776598,0,0,0,0,0,0,0,0,0,0,0,0,0,0,0,0,0,0,0,0,
1621593222,737499915,0,0,0,0,0,0,0,0,0,0,0,0,0,0,0,0,0,0,0,0,
1621593222,769965701,0,0,0,0,0,0,0,0,0,0,0,0,0,0,0,0,0,0,0,0,
1621593222,802754555,0,0,0,0,0,0,0,0,0,0,0,0,0,0,0,0,0,0,0,0,
1621593222,839185640,0,0,0,0,0,0,0,0,0,0,0,0,0,0,0,0,0,0,0,0,
1621593222,870518718,0,0,0,0,0,0,0,0,0,0,0,0,0,0,0,0,0,0,0,0,
1621593222,903472227,0,0,0,0,0,0,0,0,0,0,0,0,0,0,0,0,0,0,0,0,
1621593222,936596959,0,0,0,0,0,0,0,0,0,0,0,0,0,0,0,0,0,0,0,0,
1621593222,970827963,0,0,0,0,0,0,0,0,0,0,0,0,0,0,0,0,0,0,0,0,
1621593223,4256824,0,0,0,0,0,0,0,0,0,0,0,0,0,0,0,0,0,0,0,0,
1621593223,36279731,0,0,0,0,0,0,0,0,0,0,0,0,0,0,0,0,0,0,0,0,
1621593223,69661405,0,0,0,0,0,0,0,0,0,0,0,0,0,0,0,0,0,0,0,0,
1621593223,103393840,0,0,0,0,0,0,0,0,0,0,0,0,0,0,0,0,0,0,0,0,
1621593223,136843940,0,0,0,0,0,0,0,0,0,0,0,0,0,0,0,0,0,0,0,0,
1621593223,172784452,0,0,0,0,0,0,0,0,0,0,0,0,0,0,0,0,0,0,0,0,
1621593223,205944924,0,0,0,0,0,0,0,0,0,0,0,0,0,0,0,0,0,0,0,0,
1621593223,237034498,0,0,0,0,0,0,0,0,0,0,0,0,0,0,0,0,0,0,0,0,
1621593223,269636804,0,0,0,0,0,0,0,0,0,0,0,0,0,0,0,0,0,0,0,0,
1621593223,302663350,0,0,0,0,0,0,0,0,0,0,0,0,0,0,0,0,0,0,0,0,
1621593223,335709837,0,0,0,0,0,0,0,0,0,0,0,0,0,0,0,0,0,0,0,0,
1621593223,369437338,0,0,0,0,0,0,0,0,0,0,0,0,0,0,0,0,0,0,0,0,
1621593223,403236627,0,0,0,0,0,0,0,0,0,0,0,0,0,0,0,0,0,0,0,0,
1621593223,435800681,0,0,0,0,0,0,0,0,0,0,0,0,0,0,0,0,0,0,0,0,
1621593223,469077234,0,0,0,0,0,0,0,0,0,0,0,0,0,0,0,0,0,0,0,0,
1621593223,503027616,0,0,0,0,0,0,0,0,0,0,0,0,0,0,0,0,0,0,0,0,
1621593223,536773250,0,0,0,0,0,0,0,0,0,0,0,0,0,0,0,0,0,0,0,0,
1621593223,570646527,0,0,0,0,0,0,0,0,0,0,0,0,0,0,0,0,0,0,0,0,
1621593223,603644185,0,0,0,0,0,0,0,0,0,0,0,0,0,0,0,0,0,0,0,0,
1621593223,637763442,0,0,0,0,0,0,0,0,0,0,0,0,0,0,0,0,0,0,0,0,
1621593223,671438543,0,0,0,0,0,0,0,0,0,0,0,0,0,0,0,0,0,0,0,0,
1621593223,703408788,0,0,0,0,0,0,0,0,0,0,0,0,0,0,0,0,0,0,0,0,
1621593223,735985340,0,0,0,0,0,0,0,0,0,0,0,0,0,0,0,0,0,0,0,0,
1621593223,770489623,0,0,0,0,0,0,0,0,0,0,0,0,0,0,0,0,0,0,0,0,
1621593223,800395919,0,0,0,0,0,0,0,0,0,0,0,0,0,0,0,0,0,0,0,0,
1621593223,833814452,0,0,0,0,0,0,0,0,0,0,0,0,0,0,0,0,0,0,0,0,
1621593223,868590164,0,0,0,0,0,0,0,0,0,0,0,0,0,0,0,0,0,0,0,0,
1621593223,902578679,0,0,0,0,0,0,0,0,0,0,0,0,0,0,0,0,0,0,0,0,
1621593223,935892641,0,0,0,0,0,0,0,0,0,0,0,0,0,0,0,0,0,0,0,0,
1621593223,970929531,0,0,0,0,0,0,0,0,0,0,0,0,0,0,0,0,0,0,0,0,
1621593224,645715,0,0,0,0,0,0,0,0,0,0,0,0,0,0,0,0,0,0,0,0,
1621593224,34724810,0,0,0,0,0,0,0,0,0,0,0,0,0,0,0,0,0,0,0,0,
1621593224,68910478,0.1177,0.05,0.0967,0.0405,0.0325,0.016,0.037,0.0149,0.0602,0.0219,0.0131,0.0046,0.041,0.012,0.0285,0.0069,0.0644,0.0137,0.0264,0.0059,
1621593224,102762104,0.0308,0.0214,0.0158,0.0051,0.04,0.0107,0.0486,0.0102,0.0733,0.0137,0.0604,0.0077,0.0275,0.019,0.0284,0.0167,0.0445,0.0239,0.0151,0.0083,
1621593224,136137637,0.0308,0.0209,0.0304,0.0177,0.1038,0.0386,0.0431,0.0189,0.0732,0.027,0.0434,0.0172,0.0458,0.0164,0.0197,0.0076,0.0209,0.0072,0.0246,0.0076,
1621593224,169653818,0.0366,0.0237,0.0926,0.0371,0.0196,0.01,0.0492,0.0169,0.0239,0.008,0.0268,0.0079,0.097,0.0223,0.0758,0.0159,0.0635,0.012,0.0474,0.0236,
1621593224,216723569,0.0389,0.0251,0.0534,0.0262,0.0479,0.0202,0.0809,0.0285,0.0276,0.0079,0.0983,0.0221,0.0531,0.0127,0.0987,0.021,0.088,0.0148,0.0467,0.0084,
1621593224,236706434,0.0374,0.0237,0.0539,0.0266,0.1155,0.0408,0.0486,0.0201,0.0487,0.0181,0.0519,0.0173,0.0781,0.0238,0.0272,0.0077,0.0995,0.0215,0.054,0.0129,
1621593224,268790691,0.0387,0.0249,0.0538,0.0265,0.0219,0.0109,0.1148,0.0408,0.0482,0.02,0.0496,0.0204,0.081,0.0284,0.0285,0.0082,0.0986,0.022,0.0532,0.0127,
1621593224,302314193,0.0396,0.0256,0.0558,0.0273,0.1151,0.041,0.0826,0.029,0.0301,0.0087,0.0982,0.0225,0.064,0.0155,0.055,0.0131,0.0771,0.0163,0.0623,0.0113,
1621593224,336353763,0.0457,0.0254,0.1003,0.0406,0.1219,0.0438,0.0568,0.0243,0.0303,0.0138,0.0621,0.0213,0.0368,0.0124,0.038,0.0112,0.0956,0.0166,0.0439,0.028,
1621593224,368740596,0.0419,0.0204,0.1336,0.0477,0.0681,0.0273,0.0492,0.0156,0.0002,0.0001,0.105,0.0181,0.0533,0.033,0.0685,0.0329,0.0427,0.0208,0.1509,0.0546,
1621593224,401818519,0,0,0,0,0,0,0,0,0,0,0,0,0,0,0,0,0,0,0,0,
1621593224,436940015,0.1366,0.074,0.1526,0.0754,0.0925,0.0536,0.0686,0.043,0.0935,0.0506,0.0699,0.0376,0.0703,0.0353,0.0955,0.0385,0.1312,0.0476,0.0871,0.0344,
1621593224,469664562,0.0692,0.0502,0.1031,0.064,0.1362,0.0711,0.1529,0.0733,0.0919,0.0513,0.0675,0.0399,0.1216,0.0584,0.1177,0.0517,0.0713,0.0308,0.0961,0.0358,
1621593224,502950051,0.1722,0.0797,0.1337,0.0678,0.1511,0.0709,0.0886,0.0484,0.0655,0.038,0.1195,0.0564,0.0904,0.0452,0.0664,0.036,0.0923,0.0427,0.1164,0.0499,
1621593224,536774597,0.0825,0.0638,0.1676,0.0793,0.1353,0.0695,0.1502,0.0716,0.0903,0.0502,0.0657,0.0392,0.1193,0.0576,0.0663,0.0366,0.0312,0.0167,0.0678,0.0321,
1621593224,569926701,0.176,0.086,0.1374,0.0728,0.1533,0.0755,0.0686,0.0418,0.0939,0.0503,0.1234,0.0617,0.0701,0.04,0.072,0.0384,0.0957,0.047,0.0444,0.0241,
1621593224,602331958,0.152,0.0878,0.108,0.0636,0.102,0.0755,0.1532,0.0886,0.1516,0.0865,0.1058,0.0638,0.0701,0.04,0,0,0,0,0,0,
1621593224,637605658,0.0866,0.0925,0.125,0.0904,0.1399,0.0924,0.0882,0.0698,0.068,0.0581,0.0379,0.0302,0.0613,0.0409,0.1174,0.0621,0.019,0.0141,0.0954,0.0515,
1621593224,671591645,0.086,0.0939,0.084,0.0824,0.0871,0.0705,0.062,0.0487,0.1025,0.0672,0.0791,0.0475,0.0192,0.0149,0.0641,0.0347,0.0938,0.0832,0.0709,0.0664,
1621593224,701741049,0.0756,0.0509,0.1406,0.1124,0.141,0.1121,0.0704,0.0415,0,0,0,0,0,0,0,0,0,0,0,0,
1621593224,735205379,0.1019,0.1015,0.1012,0.1042,0.0669,0.0626,0.0743,0.056,0.145,0.1365,0.1106,0.1305,0.0752,0.0584,0,0,0,0,0,0,
1621593224,769412515,0.0507,0.066,0.1121,0.1563,0.1054,0.129,0.0743,0.056,0.145,0.1365,0.1106,0.1305,0.0752,0.0584,0.0641,0.0347,0.0938,0.0832,0,0,
1621593224,801980575,0.0901,0.1129,0.1488,0.1925,0.1326,0.1767,0.1098,0.1555,0,0,0,0,0,0,0,0,0,0,0,0,
1621593224,835892992,0.0999,0.209,0.09,0.1896,0.1535,0.2095,0.1004,0.1799,0.1404,0.1979,0.0681,0.1367,0.0812,0.1344,0.0476,0.1069,0.0939,0.1346,0.0915,0.1317,
1621593224,869850853,0.0964,0.232,0.1002,0.184,0.0845,0.1765,0.0848,0.1667,0.1167,0.1824,0.098,0.1715,0.0978,0.1628,0.0834,0.1564,0.065,0.1373,0.0824,0.148,
1621593224,901294883,0,0,0,0,0,0,0,0,0,0,0,0,0,0,0,0,0,0,0,0,
1621593224,934636233,0.0239,0.0468,0.0196,0.0388,0.0161,0.0324,0.0848,0.1667,0.1167,0.1824,0.098,0.1715,0.0978,0.1628,0.0834,0.1564,0,0,0,0,
1621593224,969578769,0.0339,0.1572,0.0539,0.1421,0.0696,0.148,0.0361,0.1261,0.0444,0.118,0.0337,0.1116,0.0328,0.1003,0.0248,0.0957,0.0165,0.079,0.0142,0.0785,
1621593225,1927289,0.0268,0.1375,0.0041,0.0464,0.066,0.1498,0.0199,0.0464,0.0296,0.1762,0,0,0,0,0,0,0,0,0,0,
1621593225,35524013,0,0,0,0,0,0,0,0,0,0,0,0,0,0,0,0,0,0,0,0,
1621593225,68433865,0.0111,0.0877,0.0296,0.1762,0,0,0,0,0,0,0,0,0,0,0,0,0,0,0,0,
1621593225,101641827,-0.0092,0.1081,0.006,0.0402,-0.0026,0.0334,0.0005,0.021,-0.0025,0.0735,-0.0061,0.0654,0,0.0524,-0.0041,0.0472,0.0005,0.0215,-0.0084,0.1027,
1621593225,136974993,-0.0072,0.0734,-0.0071,0.0527,0.0027,0.0421,-0.0015,0.0344,-0.0007,0.0195,-0.0025,0.0227,0.0008,0.018,-0.0001,0.0054,-0.0012,0.0123,-0.0013,0.0072,
1621593225,168032319,-0.0118,0.0869,0,0,0,0,0,0,0,0,0,0,0,0,0,0,0,0,0,0,
1621593225,202047238,0,0,0,0,0,0,0,0,0,0,0,0,0,0,0,0,0,0,0,0,
1621593225,235495436,0,0,0,0,0,0,0,0,0,0,0,0,0,0,0,0,0,0,0,0,
1621593225,269706896,0,0,0,0,0,0,0,0,0,0,0,0,0,0,0,0,0,0,0,0,
1621593225,312304671,0,0,0,0,0,0,0,0,0,0,0,0,0,0,0,0,0,0,0,0,
1621593225,335349364,-0.021,-0.0076,0,0,0,0,0,0,0,0,0,0,0,0,0,0,0,0,0,0,
1621593225,369699498,0,0,0,0,0,0,0,0,0,0,0,0,0,0,0,0,0,0,0,0,
1621593225,402861177,-0.0302,-0.0102,0,0,0,0,0,0,0,0,0,0,0,0,0,0,0,0,0,0,
1621593225,438560663,-0.0056,-0.0018,-0.0313,-0.0106,0,0,0,0,0,0,0,0,0,0,0,0,0,0,0,0,
1621593225,469906128,0,0,0,0,0,0,0,0,0,0,0,0,0,0,0,0,0,0,0,0,
1621593225,503672293,-0.0053,-0.002,-0.035,-0.0122,0,0,0,0,0,0,0,0,0,0,0,0,0,0,0,0,
1621593225,547616718,-0.0146,-0.005,0,0,0,0,0,0,0,0,0,0,0,0,0,0,0,0,0,0,
1621593225,569244278,0,0,0,0,0,0,0,0,0,0,0,0,0,0,0,0,0,0,0,0,
1621593225,602510497,-0.0144,-0.0049,-0.0386,-0.0153,0,0,0,0,0,0,0,0,0,0,0,0,0,0,0,0,
1621593225,636097568,-0.0147,-0.0051,-0.0383,-0.0134,0,0,0,0,0,0,0,0,0,0,0,0,0,0,0,0,
1621593225,672914454,-0.0146,-0.005,-0.0387,-0.0135,0,0,0,0,0,0,0,0,0,0,0,0,0,0,0,0,
1621593225,703366095,-0.0222,-0.0063,-0.0145,-0.005,-0.0368,-0.0128,0,0,0,0,0,0,0,0,0,0,0,0,0,0,
1621593225,736265727,-0.0144,-0.005,-0.0387,-0.0135,0,0,0,0,0,0,0,0,0,0,0,0,0,0,0,0,
1621593225,770648084,-0.0389,-0.0135,0,0,0,0,0,0,0,0,0,0,0,0,0,0,0,0,0,0,
1621593225,803372773,-0.0393,-0.0138,0,0,0,0,0,0,0,0,0,0,0,0,0,0,0,0,0,0,
1621593225,836197052,-0.0085,-0.0031,-0.0393,-0.0137,0,0,0,0,0,0,0,0,0,0,0,0,0,0,0,0,
1621593225,869713079,-0.0224,-0.0064,-0.0095,-0.0034,-0.0392,-0.0137,0,0,0,0,0,0,0,0,0,0,0,0,0,0,
1621593225,904182034,-0.0395,-0.0138,0,0,0,0,0,0,0,0,0,0,0,0,0,0,0,0,0,0,
1621593225,936444842,-0.0227,-0.0066,-0.0103,-0.0038,-0.0397,-0.014,0,0,0,0,0,0,0,0,0,0,0,0,0,0,
1621593225,969157976,-0.0104,-0.004,-0.0412,-0.0149,0,0,0,0,0,0,0,0,0,0,0,0,0,0,0,0,
1621593226,3930550,-0.041,-0.0151,0,0,0,0,0,0,0,0,0,0,0,0,0,0,0,0,0,0,
1621593226,36175247,-0.0003,-0.0001,-0.0155,-0.0059,-0.0126,-0.005,-0.0424,-0.0159,0,0,0,0,0,0,0,0,0,0,0,0,
1621593226,71044806,-0.0431,-0.0165,0,0,0,0,0,0,0,0,0,0,0,0,0,0,0,0,0,0,
1621593226,104340023,-0.0426,-0.0165,-0.0015,-0.0005,0,0,0,0,0,0,0,0,0,0,0,0,0,0,0,0,
1621593226,142650266,-0.0194,-0.0075,-0.0431,-0.0167,-0.0021,-0.0008,0,0,0,0,0,0,0,0,0,0,0,0,0,0,
1621593226,170230846,-0.002,-0.0007,-0.0205,-0.0081,-0.0152,-0.0063,-0.0441,-0.0175,0,0,0,0,0,0,0,0,0,0,0,0,
1621593226,203185605,-0.0023,-0.0008,-0.0156,-0.0064,0,0,0,0,0,0,0,0,0,0,0,0,0,0,0,0,
1621593226,235668182,-0.0167,-0.0071,-0.0459,-0.0185,0,0,0,0,0,0,0,0,0,0,0,0,0,0,0,0,
1621593226,269684266,-0.004,-0.0014,0,0,0,0,0,0,0,0,0,0,0,0,0,0,0,0,0,0,
1621593226,303240503,-0.019,-0.0083,0,0,0,0,0,0,0,0,0,0,0,0,0,0,0,0,0,0,
1621593226,336240965,-0.0007,-0.0003,-0.0491,-0.0207,0,0,0,0,0,0,0,0,0,0,0,0,0,0,0,0,
1621593226,369411652,0,0,0,0,0,0,0,0,0,0,0,0,0,0,0,0,0,0,0,0,
1621593226,403738864,-0.0078,-0.003,-0.009,-0.0033,-0.0273,-0.0114,-0.0506,-0.0214,0,0,0,0,0,0,0,0,0,0,0,0,
1621593226,436501808,-0.0078,-0.003,-0.0087,-0.0033,-0.0274,-0.0116,-0.0208,-0.0093,-0.0502,-0.0213,0,0,0,0,0,0,0,0,0,0,
1621593226,469641672,-0.0093,-0.0035,-0.0043,-0.0019,-0.0282,-0.012,-0.0215,-0.0095,-0.0514,-0.0216,0,0,0,0,0,0,0,0,0,0,
1621593226,502739916,-0.0097,-0.0036,-0.0217,-0.0097,-0.0518,-0.0218,0,0,0,0,0,0,0,0,0,0,0,0,0,0,
1621593226,536391745,-0.0092,-0.0034,-0.0278,-0.0117,-0.022,-0.0098,-0.0517,-0.0218,0,0,0,0,0,0,0,0,0,0,0,0,
1621593226,570001845,-0.0095,-0.0035,-0.0042,-0.0018,-0.0277,-0.0117,0,0,0,0,0,0,0,0,0,0,0,0,0,0,
1621593226,603545424,-0.0085,-0.0032,-0.022,-0.0098,-0.0523,-0.0219,0,0,0,0,0,0,0,0,0,0,0,0,0,0,
1621593226,635688386,-0.0096,-0.0036,-0.0224,-0.0099,-0.0519,-0.0218,0,0,0,0,0,0,0,0,0,0,0,0,0,0,
1621593226,670747676,-0.0088,-0.0033,-0.0522,-0.0219,0,0,0,0,0,0,0,0,0,0,0,0,0,0,0,0,
1621593226,705703095,0,0,0,0,0,0,0,0,0,0,0,0,0,0,0,0,0,0,0,0,
1621593226,736665749,-0.0268,-0.0111,-0.0515,-0.0216,0,0,0,0,0,0,0,0,0,0,0,0,0,0,0,0,
1621593226,769916552,-0.0271,-0.0112,-0.0508,-0.0211,0,0,0,0,0,0,0,0,0,0,0,0,0,0,0,0,
1621593226,802819097,-0.027,-0.0099,-0.0269,-0.0111,-0.051,-0.021,0,0,0,0,0,0,0,0,0,0,0,0,0,0,
1621593226,836836191,-0.0267,-0.0096,-0.0493,-0.0201,0,0,0,0,0,0,0,0,0,0,0,0,0,0,0,0,
1621593226,870383887,-0.025,-0.01,-0.0495,-0.0198,-0.009,-0.0034,0,0,0,0,0,0,0,0,0,0,0,0,0,0,
1621593226,903537917,-0.0018,-0.0007,-0.0478,-0.0187,0,0,0,0,0,0,0,0,0,0,0,0,0,0,0,0,
1621593226,937959408,-0.0226,-0.0085,-0.0472,-0.018,0,0,0,0,0,0,0,0,0,0,0,0,0,0,0,0,
1621593226,970013424,-0.0167,-0.0065,-0.0457,-0.0169,0,0,0,0,0,0,0,0,0,0,0,0,0,0,0,0,
1621593227,1817847,0,0,0,0,0,0,0,0,0,0,0,0,0,0,0,0,0,0,0,0,
1621593227,34475241,0,0,0,0,0,0,0,0,0,0,0,0,0,0,0,0,0,0,0,0,
1621593227,74202528,-0.0214,0.0052,-0.009,0.0021,-0.0297,0.0045,0,0,0,0,0,0,0,0,0,0,0,0,0,0,
1621593227,101966067,-0.0377,0.021,-0.0479,0.0099,0,0,0,0,0,0,0,0,0,0,0,0,0,0,0,0,
1621593227,136462324,-0.0348,0.0183,0.3453,-0.3963,-0.0487,0.031,-0.0285,0.0167,-0.0001,0.0001,-0.0301,0.0092,-0.0502,0.0314,-0.0269,0.0151,-0.0272,0.015,0,0,
1621593227,184824627,-0.0297,0.0156,-0.0325,0.0108,-0.0562,0.0168,-0.0319,0.0112,0,0,0,0,0,0,0,0,0,0,0,0,
1621593227,205955725,-0.0397,0.0361,-0.0095,0.006,-0.0076,0.0041,-0.0237,0.0113,-0.006,0.0055,-0.0197,0.0163,0,0,0,0,0,0,0,0,
1621593227,238838130,-0.0404,0.0407,-0.0207,0.0175,-0.0083,0.0068,-0.0008,0.0005,-0.035,0.017,-0.0222,0.011,0,0,0,0,0,0,0,0,
1621593227,270662887,-0.022,0.0213,-0.004,0.004,-0.0184,0.016,-0.0088,0.0072,-0.0081,0.0053,-0.0221,0.0112,-0.0224,0.0213,-0.005,0.005,0,0,0,0,
1621593227,301483822,0,0,0,0,0,0,0,0,0,0,0,0,0,0,0,0,0,0,0,0,
1621593227,334617612,0,0,0,0,0,0,0,0,0,0,0,0,0,0,0,0,0,0,0,0,
1621593227,369513154,-0.0152,0.0845,-0.0098,0.0581,-0.0051,0.0439,-0.0076,0.0374,0.0001,0.0175,0.0016,0.0149,-0.0042,0.0215,-0.0018,0.0157,-0.0021,0.016,-0.0017,0.0088,
1621593227,403042146,-0.0085,0.0599,-0.0045,0.0469,-0.0075,0.0416,-0.0042,0.0236,-0.0019,0.0194,-0.0004,0.004,-0.0016,0.0095,-0.0134,0.0849,-0.0079,0.0549,-0.0043,0.045,
1621593227,436698704,-0.0071,0.041,-0.0039,0.024,-0.0018,0.0196,-0.0018,0.0118,-0.0004,0.0045,0,0.0009,-0.013,0.0856,-0.0082,0.0595,-0.0043,0.046,-0.0071,0.041,
1621593227,472671932,-0.0133,0.0893,-0.0082,0.0613,-0.0067,0.041,-0.0017,0.0202,-0.0042,0.0257,-0.0018,0.0118,0,0.0048,-0.0003,0.0034,-0.0128,0.0859,-0.0041,0.0459,
1621593227,503275108,-0.0133,0.0888,0.0031,0.0213,-0.0018,0.0214,-0.0038,0.0243,0.0014,0.0151,-0.0016,0.0111,-0.0003,0.0044,0,0.0006,0,0,0,0,
1621593227,536923495,-0.0127,0.0888,-0.0082,0.0611,-0.0061,0.0379,-0.0018,0.0212,-0.0038,0.0251,0.0014,0.0148,-0.0004,0.0052,0,0.0016,-0.0121,0.085,0,0,
1621593227,569436043,-0.0125,0.0883,-0.008,0.0614,-0.0038,0.0491,-0.0017,0.0216,-0.0037,0.0243,0.0015,0.0156,-0.0014,0.0101,-0.0004,0.0049,0,0,0,0,
1621593227,603536275,-0.0126,0.0889,-0.0035,0.0493,-0.0043,0.0267,-0.0017,0.0215,-0.0039,0.0257,0.0015,0.0152,-0.0017,0.0122,-0.0004,0.005,-0.0118,0.0845,-0.0064,0.0558,
1621593227,638560604,-0.0066,0.0453,0.0012,0.0297,0.0042,0.0279,-0.0039,0.0281,-0.0017,0.0234,0.0017,0.0159,-0.0019,0.0145,-0.0006,0.0085,0.0001,0.0063,-0.0002,0.0013,
1621593227,670571240,-0.0122,0.1002,-0.0074,0.0547,-0.0045,0.0347,-0.0018,0.0333,0.0027,0.0249,-0.0026,0.0221,-0.0008,0.0165,-0.0001,0.0027,-0.0009,0.0076,-0.0125,0.1016,
1621593227,704966087,-0.0005,0.0759,-0.0028,0.0695,-0.0079,0.0646,0.0016,0.0296,-0.0002,0.0175,-0.002,0.0213,-0.0008,0.0095,-0.003,0.0113,-0.0108,0.1035,-0.0068,0.0782,
1621593227,740408385,-0.0078,0.0764,0.0103,0.0581,-0.0013,0.0563,-0.0055,0.0585,-0.0034,0.0434,-0.0007,0.0403,-0.0023,0.0332,0.0003,0.0305,0.0014,0.0222,-0.0013,0.0219,
1621593227,769937080,0.0019,0.027,0.0017,0.026,0.0019,0.0327,-0.0055,0.0585,-0.0034,0.0434,-0.0007,0.0403,-0.0023,0.0332,0.0003,0.0305,0.0014,0.0222,-0.0013,0.0219,
1621593227,801533679,0.0019,0.0327,-0.0055,0.0585,-0.0034,0.0434,0,0,0,0,0,0,0,0,0,0,0,0,0,0,
1621593227,836311678,0,0,0,0,0,0,0,0,0,0,0,0,0,0,0,0,0,0,0,0,
1621593227,869307591,0,0,0,0,0,0,0,0,0,0,0,0,0,0,0,0,0,0,0,0,
1621593227,901686503,0,0,0,0,0,0,0,0,0,0,0,0,0,0,0,0,0,0,0,0,
1621593227,936911900,0.0035,0.0118,0.0086,0.0119,0,0,0,0,0,0,0,0,0,0,0,0,0,0,0,0,
1621593227,970389997,0.0073,0.0235,0.0019,0.0052,0.0004,0.001,0.0149,0.0204,0.0048,0.0069,0.0068,0.0222,0.0012,0.0034,0.0001,0.0002,0,0,0,0,
1621593228,3955886,0.0046,0.0129,0.0047,0.0107,0.0091,0.0152,0.0099,0.0145,0.0091,0.0297,0.0031,0.0084,0.004,0.0093,0.0185,0.0256,0.0058,0.0097,0.0086,0.0127,
1621593228,36903233,0.0132,0.0445,0.0015,0.0043,0.0107,0.0188,0.001,0.0022,0.0146,0.0225,0.0033,0.0058,0.0118,0.0394,0,0,0,0,0,0,
1621593228,69995065,0.0156,0.0538,0.012,0.0368,0.0131,0.033,0.016,0.029,0.0201,0.0322,0.0021,0.0045,0.0074,0.0134,0.0152,0.0521,0.0113,0.0341,0.0126,0.032,
1621593228,103176822,0.0185,0.0637,0.0169,0.0423,0.0083,0.0251,0.022,0.0402,0.0358,0.0533,0.009,0.0208,0.0052,0.0143,0.0246,0.0395,0.0021,0.0055,0.0056,0.0121,
1621593228,136416129,0.0205,0.0683,0.0171,0.0497,0.0181,0.0447,0.0248,0.0447,0.011,0.025,0.0057,0.0158,0.0075,0.0157,0.0031,0.0079,0.0146,0.0263,0.0035,0.0067,
1621593228,170825968,0.019,0.0654,0.0168,0.0495,0.0181,0.0449,0.0092,0.0276,0.0226,0.0407,0.0106,0.0241,0.0058,0.0159,0.0264,0.0419,0.0028,0.0072,0.0081,0.0137,
1621593228,203554247,0.0199,0.0653,0.0164,0.047,0.0178,0.0441,0.0094,0.0279,0.0227,0.0408,0.0055,0.0151,0.01,0.0226,0.027,0.0422,0.0027,0.0068,0.0072,0.015,
1621593228,236608464,0.0171,0.0417,0.0095,0.0279,0.0235,0.0422,0.0056,0.0151,0.0108,0.0238,0.0248,0.0394,0.0027,0.0068,0.0076,0.0156,0.0125,0.0218,0.0038,0.0073,
1621593228,270370989,0.0208,0.0667,0.028,0.0437,0.0079,0.0162,0.0078,0.0131,0.0185,0.0511,0.0182,0.0441,0.0115,0.0328,0.013,0.0285,0.0278,0.0437,0.0043,0.0081,
1621593228,303954085,0.0449,0.0725,0.0473,0.0609,0.0131,0.0242,0.0188,0.0277,0.001,0.0018,0.0292,0.0297,0.009,0.0098,0.038,0.0752,0.009,0.0098,0.0459,0.0982,
1621593228,337676037,0.0544,0.1188,0.0702,0.0986,0.0792,0.0999,0.0462,0.0669,0.0332,0.0548,0.0348,0.055,0.0168,0.0319,0.0292,0.0433,0.0032,0.0066,0.0335,0.043,
1621593228,372022552,0,0,0,0,0,0,0,0,0,0,0,0,0,0,0,0,0,0,0,0,
1621593228,403802822,0.0947,0.1747,0.0925,0.159,0.0998,0.1579,0.086,0.1499,0.0989,0.1467,0.1193,0.1548,0.0805,0.1322,0.1145,0.1473,0.0809,0.1266,0.0777,0.1161,
1621593228,436699099,0.1035,0.1757,0.1115,0.1737,0.0938,0.1605,0.1562,0.1806,0.1103,0.1608,0.1247,0.1596,0.0875,0.1189,0.0609,0.0981,0.0992,0.1183,0.0831,0.1044,
1621593228,471278754,0.1099,0.2017,0.11,0.1849,0.1193,0.1829,0.1006,0.1689,0.1389,0.1805,0.1149,0.1674,0.0973,0.1563,0.1501,0.1785,0.1135,0.157,0.0977,0.1497,
1621593228,506889784,0,0,0,0,0,0,0,0,0,0,0,0,0,0,0,0,0,0,0,0,
1621593228,536242951,0.1714,0.2499,0.1715,0.2335,0.1807,0.2185,0.1632,0.2098,0.2004,0.2153,0.1829,0.2027,0.1619,0.1946,0.1419,0.1805,0.197,0.2055,0.164,0.1897,
1621593228,569442844,0.1767,0.2581,0.1775,0.2425,0.191,0.2407,0.2171,0.2388,0.1879,0.2253,0.2266,0.2314,0.2082,0.2237,0.185,0.215,0.188,0.2096,0.1674,0.2016,
1621593228,603237247,0.1824,0.2516,0.1958,0.249,0.1733,0.2362,0.2207,0.2423,0.2317,0.2403,0.1745,0.2176,0.2123,0.2307,0.19,0.2219,0.1934,0.2157,0.1526,0.1959,
1621593228,637698943,0.1833,0.2527,0.1975,0.2507,0.1747,0.2368,0.2222,0.2458,0.1948,0.2344,0.1752,0.2266,0.2514,0.2526,0.1756,0.2197,0.214,0.2313,0.1768,0.2126,
1621593228,675503333,0.1883,0.2538,0.1979,0.2493,0.1761,0.2362,0.2254,0.2468,0.1969,0.2348,0.1761,0.2272,0.2389,0.2416,0.1974,0.2257,0.2178,0.2331,0.179,0.2118,
1621593228,702056849,0.1895,0.2714,0.1919,0.2592,0.205,0.2552,0.1829,0.2437,0.1834,0.2317,0.2311,0.2499,0.201,0.2405,0.2439,0.2486,0.1846,0.2265,0.2224,0.2383,
1621593228,735661785,0.1982,0.2667,0.2087,0.2607,0.2341,0.2578,0.2067,0.248,0.1876,0.2408,0.2639,0.2657,0.2263,0.2437,0.2227,0.2329,0.1877,0.2086,0.1545,0.1945,
1621593228,768315705,0,0,0,0,0,0,0,0,0,0,0,0,0,0,0,0,0,0,0,0,
1621593228,802924184,0.1623,0.2826,0.1622,0.2817,0.1636,0.2817,0.1997,0.2697,0.1588,0.2164,0.1685,0.197,0.1709,0.2033,0,0,0,0,0,0,
1621593228,834477466,0.1088,0.1903,0.1375,0.1843,0.1375,0.1843,0.1997,0.2697,0.1588,0.2164,0.1685,0.197,0.1709,0.2033,0,0,0,0,0,0,
1621593228,868520078,0.1168,0.2809,0.1192,0.2644,0.1277,0.2576,0.1473,0.2487,0.159,0.2477,0.0956,0.2059,0.1088,0.2007,0.0735,0.1768,0.1235,0.1982,0.1184,0.1962,
1621593228,900648099,0,0,0,0,0,0,0,0,0,0,0,0,0,0,0,0,0,0,0,0,
1621593228,934662798,0.0655,0.2006,0.0594,0.1555,0.0761,0.1392,0.0956,0.2209,0.0956,0.2209,0.0956,0.2059,0.1088,0.2007,0.0735,0.1768,0,0,0,0,
1621593228,968373947,0.0582,0.1991,0.0572,0.1848,0.0697,0.1898,0.0861,0.1937,0.0575,0.1748,0.1017,0.1962,0.0907,0.1866,0.0708,0.171,0.046,0.1526,0.0526,0.1414,
1621593229,2684746,0.0589,0.2221,0.0631,0.2079,0.0671,0.1976,0.055,0.1897,0.0557,0.1824,0.0642,0.179,0.0973,0.1895,0.0615,0.1656,0.0622,0.1575,0.0687,0.1576,
1621593229,34397595,0,0,0,0,0,0,0,0,0,0,0,0,0,0,0,0,0,0,0,0,
1621593229,69539263,0.055,0.1897,0.0557,0.1824,0.0642,0.179,0.0973,0.1895,0.0615,0.1656,0.0622,0.1575,0.0687,0.1576,0.05,0.136,0.0355,0.1232,0.0338,0.1228,
1621593229,103056071,0,0,0,0,0,0,0,0,0,0,0,0,0,0,0,0,0,0,0,0,
1621593229,136885834,0,0,0,0,0,0,0,0,0,0,0,0,0,0,0,0,0,0,0,0,
1621593229,171948278,0,0,0,0,0,0,0,0,0,0,0,0,0,0,0,0,0,0,0,0,
1621593229,202290594,0,0,0,0,0,0,0,0,0,0,0,0,0,0,0,0,0,0,0,0,
1621593229,237013996,0,0,0,0,0,0,0,0,0,0,0,0,0,0,0,0,0,0,0,0,
1621593229,270561628,0,0,0,0,0,0,0,0,0,0,0,0,0,0,0,0,0,0,0,0,
1621593229,303941927,0,0,0,0,0,0,0,0,0,0,0,0,0,0,0,0,0,0,0,0,
1621593229,336960664,0,0,0,0,0,0,0,0,0,0,0,0,0,0,0,0,0,0,0,0,
1621593229,370264193,0,0,0,0,0,0,0,0,0,0,0,0,0,0,0,0,0,0,0,0,
1621593229,403901188,0,0,0,0,0,0,0,0,0,0,0,0,0,0,0,0,0,0,0,0,
1621593229,437397792,0,0,0,0,0,0,0,0,0,0,0,0,0,0,0,0,0,0,0,0,
1621593229,470641122,0,0,0,0,0,0,0,0,0,0,0,0,0,0,0,0,0,0,0,0,
1621593229,503379266,0,0,0,0,0,0,0,0,0,0,0,0,0,0,0,0,0,0,0,0,
1621593229,537612642,0,0,0,0,0,0,0,0,0,0,0,0,0,0,0,0,0,0,0,0,
1621593229,569796763,0,0,0,0,0,0,0,0,0,0,0,0,0,0,0,0,0,0,0,0,
1621593229,603767343,0,0,0,0,0,0,0,0,0,0,0,0,0,0,0,0,0,0,0,0,
1621593229,636869429,0,0,0,0,0,0,0,0,0,0,0,0,0,0,0,0,0,0,0,0,
1621593229,670576432,0,0,0,0,0,0,0,0,0,0,0,0,0,0,0,0,0,0,0,0,
1621593229,702872771,0,0,0,0,0,0,0,0,0,0,0,0,0,0,0,0,0,0,0,0,
1621593229,736929098,0,0,0,0,0,0,0,0,0,0,0,0,0,0,0,0,0,0,0,0,
1621593229,770528163,0,0,0,0,0,0,0,0,0,0,0,0,0,0,0,0,0,0,0,0,
1621593229,811524911,0,0,0,0,0,0,0,0,0,0,0,0,0,0,0,0,0,0,0,0,
1621593229,837238720,0,0,0,0,0,0,0,0,0,0,0,0,0,0,0,0,0,0,0,0,
1621593229,869800553,0,0,0,0,0,0,0,0,0,0,0,0,0,0,0,0,0,0,0,0,
1621593229,903395766,0,0,0,0,0,0,0,0,0,0,0,0,0,0,0,0,0,0,0,0,
1621593229,936194729,0,0,0,0,0,0,0,0,0,0,0,0,0,0,0,0,0,0,0,0,
1621593229,969058574,0,0,0,0,0,0,0,0,0,0,0,0,0,0,0,0,0,0,0,0,
1621593230,2629742,0,0,0,0,0,0,0,0,0,0,0,0,0,0,0,0,0,0,0,0,
1621593230,36256823,0,0,0,0,0,0,0,0,0,0,0,0,0,0,0,0,0,0,0,0,
1621593230,70555542,0,0,0,0,0,0,0,0,0,0,0,0,0,0,0,0,0,0,0,0,
1621593230,102766489,0,0,0,0,0,0,0,0,0,0,0,0,0,0,0,0,0,0,0,0,
1621593230,136591314,0,0,0,0,0,0,0,0,0,0,0,0,0,0,0,0,0,0,0,0,
1621593230,175064340,0,0,0,0,0,0,0,0,0,0,0,0,0,0,0,0,0,0,0,0,
1621593230,204088974,0,0,0,0,0,0,0,0,0,0,0,0,0,0,0,0,0,0,0,0,
1621593230,238964235,0,0,0,0,0,0,0,0,0,0,0,0,0,0,0,0,0,0,0,0,
1621593230,269853353,0,0,0,0,0,0,0,0,0,0,0,0,0,0,0,0,0,0,0,0,
1621593230,305983722,0,0,0,0,0,0,0,0,0,0,0,0,0,0,0,0,0,0,0,0,
1621593230,336827345,0,0,0,0,0,0,0,0,0,0,0,0,0,0,0,0,0,0,0,0,
1621593230,370336896,0,0,0,0,0,0,0,0,0,0,0,0,0,0,0,0,0,0,0,0,
1621593230,403689698,0,0,0,0,0,0,0,0,0,0,0,0,0,0,0,0,0,0,0,0,
1621593230,436739437,0,0,0,0,0,0,0,0,0,0,0,0,0,0,0,0,0,0,0,0,
1621593230,469284517,0,0,0,0,0,0,0,0,0,0,0,0,0,0,0,0,0,0,0,0,
1621593230,503196870,0,0,0,0,0,0,0,0,0,0,0,0,0,0,0,0,0,0,0,0,
1621593230,537672899,0,0,0,0,0,0,0,0,0,0,0,0,0,0,0,0,0,0,0,0,
1621593230,571778536,-0.0008,0.0023,0,0,0,0,0,0,0,0,0,0,0,0,0,0,0,0,0,0,
1621593230,602790331,0,0,0,0,0,0,0,0,0,0,0,0,0,0,0,0,0,0,0,0,
1621593230,636622235,0,0,0,0,0,0,0,0,0,0,0,0,0,0,0,0,0,0,0,0,
1621593230,669945764,-0.0001,0.0002,0,0,0,0,0,0,0,0,0,0,0,0,0,0,0,0,0,0,
1621593230,702316901,0,0,0,0,0,0,0,0,0,0,0,0,0,0,0,0,0,0,0,0,
1621593230,735696940,0,0,0,0,0,0,0,0,0,0,0,0,0,0,0,0,0,0,0,0,
1621593230,770239913,0,0,0,0,0,0,0,0,0,0,0,0,0,0,0,0,0,0,0,0,
1621593230,802451188,0,0,0,0,0,0,0,0,0,0,0,0,0,0,0,0,0,0,0,0,
1621593230,836052754,0,0,0,0,0,0,0,0,0,0,0,0,0,0,0,0,0,0,0,0,
1621593230,870701796,0,0,0,0,0,0,0,0,0,0,0,0,0,0,0,0,0,0,0,0,
1621593230,904412985,0,0,0,0,0,0,0,0,0,0,0,0,0,0,0,0,0,0,0,0,
1621593230,936055518,0,0,0,0,0,0,0,0,0,0,0,0,0,0,0,0,0,0,0,0,
1621593230,969403980,0,0,0,0,0,0,0,0,0,0,0,0,0,0,0,0,0,0,0,0,
1621593231,5007331,0,0,0,0,0,0,0,0,0,0,0,0,0,0,0,0,0,0,0,0,
1621593231,36769714,0,0,0,0,0,0,0,0,0,0,0,0,0,0,0,0,0,0,0,0,
1621593231,68990981,0,0,0,0,0,0,0,0,0,0,0,0,0,0,0,0,0,0,0,0,
1621593231,102026031,0,0,0,0,0,0,0,0,0,0,0,0,0,0,0,0,0,0,0,0,
1621593231,135549608,0,0,0,0,0,0,0,0,0,0,0,0,0,0,0,0,0,0,0,0,
1621593231,169491817,0,0,0,0,0,0,0,0,0,0,0,0,0,0,0,0,0,0,0,0,
1621593231,203080247,0,0,0,0,0,0,0,0,0,0,0,0,0,0,0,0,0,0,0,0,
1621593231,236023845,0,0,0,0,0,0,0,0,0,0,0,0,0,0,0,0,0,0,0,0,
1621593231,269806445,0,0,0,0,0,0,0,0,0,0,0,0,0,0,0,0,0,0,0,0,
1621593231,303879467,0,0,0,0,0,0,0,0,0,0,0,0,0,0,0,0,0,0,0,0,
1621593231,336145956,0,0,0,0,0,0,0,0,0,0,0,0,0,0,0,0,0,0,0,0,
1621593231,369511520,0,0,0,0,0,0,0,0,0,0,0,0,0,0,0,0,0,0,0,0,
1621593231,402849583,0,0,0,0,0,0,0,0,0,0,0,0,0,0,0,0,0,0,0,0,
1621593231,436744643,0,0,0,0,0,0,0,0,0,0,0,0,0,0,0,0,0,0,0,0,
1621593231,473536229,0,0,0,0,0,0,0,0,0,0,0,0,0,0,0,0,0,0,0,0,
1621593231,504008634,-0.0007,0.002,0,0,0,0,0,0,0,0,0,0,0,0,0,0,0,0,0,0,
1621593231,536670791,0,0,0,0,0,0,0,0,0,0,0,0,0,0,0,0,0,0,0,0,
1621593231,576193051,0,0,0,0,0,0,0,0,0,0,0,0,0,0,0,0,0,0,0,0,
1621593231,603579276,0,0,0,0,0,0,0,0,0,0,0,0,0,0,0,0,0,0,0,0,
1621593231,637126004,0,0,0,0,0,0,0,0,0,0,0,0,0,0,0,0,0,0,0,0,
1621593231,670059772,0,0,0,0,0,0,0,0,0,0,0,0,0,0,0,0,0,0,0,0,
1621593231,704948881,0,0,0,0,0,0,0,0,0,0,0,0,0,0,0,0,0,0,0,0,
1621593231,736091283,0,0,0,0,0,0,0,0,0,0,0,0,0,0,0,0,0,0,0,0,
1621593231,768676682,0,0,0,0,0,0,0,0,0,0,0,0,0,0,0,0,0,0,0,0,
1621593231,802411564,0,0,0,0,0,0,0,0,0,0,0,0,0,0,0,0,0,0,0,0,
1621593231,837005345,0,0,0,0,0,0,0,0,0,0,0,0,0,0,0,0,0,0,0,0,
1621593231,869094665,0,0,0,0,0,0,0,0,0,0,0,0,0,0,0,0,0,0,0,0,
1621593231,902906092,0,0,0,0,0,0,0,0,0,0,0,0,0,0,0,0,0,0,0,0,
1621593231,936859340,0,0,0,0,0,0,0,0,0,0,0,0,0,0,0,0,0,0,0,0,
1621593231,967610391,0,0,0,0,0,0,0,0,0,0,0,0,0,0,0,0,0,0,0,0,
1621593232,3540474,0.0161,0.0265,0.0081,0.0147,0.0129,0.0174,0.0007,0.0011,0.0176,0.0217,0,0,0,0,0,0,0,0,0,0,
1621593232,36124855,0.0116,0.0221,0.0124,0.0208,0.0023,0.0043,0.0191,0.0247,0.0058,0.0088,0.0235,0.0272,0.0069,0.0089,0.0013,0.0016,0.0088,0.0163,0.0169,0.0211,
1621593232,69332167,0.0068,0.0082,0.0223,0.0263,0.0384,0.0462,0.0058,0.0088,0.0235,0.0272,0.0069,0.0089,0.0013,0.0016,0,0,0,0,0,0,
1621593232,101940348,0.0308,0.0443,0.0098,0.0121,0.0715,0.0831,0.0348,0.0287,0,0,0,0,0,0,0,0,0,0,0,0,
1621593232,135440314,0.0706,0.0977,0.0781,0.0976,0.0733,0.0865,0.0547,0.0719,0.1013,0.0978,0.0672,0.0758,0.0864,0.0888,0.0533,0.0633,0.068,0.0719,0.0363,0.0459,
1621593232,169056817,0.0793,0.1177,0.0755,0.1033,0.0835,0.1033,0.0668,0.0898,0.0997,0.1039,0.0776,0.0906,0.0632,0.0806,0.1089,0.1044,0.061,0.074,0.0917,0.0934,
1621593232,202487287,0,0,0,0,0,0,0,0,0,0,0,0,0,0,0,0,0,0,0,0,
1621593232,235784180,0.1698,0.21,0.0941,0.1604,0.1346,0.1837,0.1471,0.2001,0,0,0,0,0,0,0,0,0,0,0,0,
1621593232,269440662,0.1284,0.22,0.135,0.2144,0.1184,0.2028,0.1168,0.1937,0.1552,0.2086,0.1627,0.2035,0.1473,0.1971,0.1331,0.1832,0.1002,0.1627,0.142,0.1836,
1621593232,302492490,0.13,0.2319,0.1283,0.2152,0.1381,0.2107,0.1217,0.2015,0.1564,0.2055,0.1345,0.1947,0.1666,0.2007,0.149,0.1926,0.1177,0.173,0.0867,0.149,
1621593232,337817927,0.1324,0.2274,0.1327,0.2132,0.1218,0.1961,0.1213,0.186,0.1364,0.1917,0.1213,0.1784,0.1675,0.1982,0.1489,0.1855,0.1455,0.1756,0.1164,0.1539,
1621593232,370119586,0.1311,0.224,0.1321,0.2087,0.1394,0.203,0.1232,0.1949,0.1356,0.1897,0.158,0.1976,0.1673,0.1943,0.1494,0.1845,0.1187,0.1675,0.1344,0.1712,
1621593232,402629605,0.1318,0.2275,0.1218,0.1959,0.1216,0.1868,0.1363,0.192,0.1211,0.1788,0.1687,0.1991,0.1486,0.185,0.1197,0.171,0.1363,0.176,0.1029,0.1573,
1621593232,436570760,0.1354,0.2322,0.1349,0.2174,0.1436,0.2132,0.1282,0.2053,0.1234,0.1909,0.1391,0.197,0.1226,0.1833,0.1701,0.2025,0.1235,0.1761,0.1036,0.1631,
1621593232,470359537,0.1652,0.2547,0.137,0.2373,0.1365,0.2208,0.1298,0.2087,0.1249,0.195,0.1644,0.2098,0.1409,0.2001,0.1881,0.2156,0.1396,0.1915,0.1552,0.1962,
1621593232,502719193,0.1356,0.2338,0.1356,0.2201,0.1428,0.2152,0.1283,0.208,0.1248,0.1952,0.1632,0.2093,0.14,0.2007,0.1241,0.1871,0.1556,0.1976,0.1232,0.1788,
1621593232,536596009,0.1332,0.2315,0.1309,0.2161,0.1386,0.2107,0.1238,0.2021,0.1226,0.1912,0.16,0.205,0.1371,0.1955,0.1221,0.1832,0.1684,0.2017,0.1372,0.1884,
1621593232,572380857,0.1057,0.149,0.1198,0.1479,0.126,0.1366,0.1116,0.1183,0.1226,0.2032,0.1263,0.2005,0.1495,0.1895,0.1315,0.1726,0.086,0.1376,0,0,
1621593232,603711363,0.1194,0.2239,0.1183,0.2079,0.1253,0.2036,0.1104,0.1942,0.1511,0.2066,0.1223,0.188,0.1427,0.1952,0.1531,0.1953,0.1062,0.1656,0.1212,0.1703,
1621593232,635643712,0,0,0,0,0,0,0,0,0,0,0,0,0,0,0,0,0,0,0,0,
1621593232,667966791,0,0,0,0,0,0,0,0,0,0,0,0,0,0,0,0,0,0,0,0,
1621593232,704407298,0.0599,0.0833,0.0189,0.0244,0.111,0.2128,0.1278,0.1957,0.1279,0.1951,0.0983,0.1193,0.1254,0.1888,0.1531,0.1953,0,0,0,0,
1621593232,737414087,0,0,0,0,0,0,0,0,0,0,0,0,0,0,0,0,0,0,0,0,
1621593232,770462258,0,0,0,0,0,0,0,0,0,0,0,0,0,0,0,0,0,0,0,0,
1621593232,803769413,0,0,0,0,0,0,0,0,0,0,0,0,0,0,0,0,0,0,0,0,
1621593232,837531606,0,0,0,0,0,0,0,0,0,0,0,0,0,0,0,0,0,0,0,0,
1621593232,870548916,0,0,0,0,0,0,0,0,0,0,0,0,0,0,0,0,0,0,0,0,
1621593232,902255579,0,0,0,0,0,0,0,0,0,0,0,0,0,0,0,0,0,0,0,0,
1621593232,936598613,0,0,0,0,0,0,0,0,0,0,0,0,0,0,0,0,0,0,0,0,
1621593232,969166978,0,0,0,0,0,0,0,0,0,0,0,0,0,0,0,0,0,0,0,0,
1621593233,6722788,0,0,0,0,0,0,0,0,0,0,0,0,0,0,0,0,0,0,0,0,
1621593233,35717593,0,0,0,0,0,0,0,0,0,0,0,0,0,0,0,0,0,0,0,0,
1621593233,69864472,0,0,0,0,0,0,0,0,0,0,0,0,0,0,0,0,0,0,0,0,
1621593233,102756746,0,0,0,0,0,0,0,0,0,0,0,0,0,0,0,0,0,0,0,0,
1621593233,137044246,0,0,0,0,0,0,0,0,0,0,0,0,0,0,0,0,0,0,0,0,
1621593233,169542501,0,0,0,0,0,0,0,0,0,0,0,0,0,0,0,0,0,0,0,0,
1621593233,202639601,0,0,0,0,0,0,0,0,0,0,0,0,0,0,0,0,0,0,0,0,
1621593233,235724158,0,0,0,0,0,0,0,0,0,0,0,0,0,0,0,0,0,0,0,0,
1621593233,269236195,0,0,0,0,0,0,0,0,0,0,0,0,0,0,0,0,0,0,0,0,
1621593233,302308631,0,0,0,0,0,0,0,0,0,0,0,0,0,0,0,0,0,0,0,0,
1621593233,340548662,0,0,0,0,0,0,0,0,0,0,0,0,0,0,0,0,0,0,0,0,
1621593233,373857803,0,0,0,0,0,0,0,0,0,0,0,0,0,0,0,0,0,0,0,0,
1621593233,403638019,0,0,0,0,0,0,0,0,0,0,0,0,0,0,0,0,0,0,0,0,
1621593233,436551158,0,0,0,0,0,0,0,0,0,0,0,0,0,0,0,0,0,0,0,0,
1621593233,470275530,0,0,0,0,0,0,0,0,0,0,0,0,0,0,0,0,0,0,0,0,
1621593233,503471048,0,0,0,0,0,0,0,0,0,0,0,0,0,0,0,0,0,0,0,0,
1621593233,536003286,0,0,0,0,0,0,0,0,0,0,0,0,0,0,0,0,0,0,0,0,
1621593233,570515232,0,0,0,0,0,0,0,0,0,0,0,0,0,0,0,0,0,0,0,0,
1621593233,603703018,0,0,0,0,0,0,0,0,0,0,0,0,0,0,0,0,0,0,0,0,
1621593233,642017766,0,0,0,0,0,0,0,0,0,0,0,0,0,0,0,0,0,0,0,0,
1621593233,669298799,0,0,0,0,0,0,0,0,0,0,0,0,0,0,0,0,0,0,0,0,
1621593233,703561766,0,0,0,0,0,0,0,0,0,0,0,0,0,0,0,0,0,0,0,0,
1621593233,736043445,0,0,0,0,0,0,0,0,0,0,0,0,0,0,0,0,0,0,0,0,
1621593233,771495755,0,0,0,0,0,0,0,0,0,0,0,0,0,0,0,0,0,0,0,0,
1621593233,804483567,0,0,0,0,0,0,0,0,0,0,0,0,0,0,0,0,0,0,0,0,
1621593233,836128428,0,0,0,0,0,0,0,0,0,0,0,0,0,0,0,0,0,0,0,0,
1621593233,869215760,0,0,0,0,0,0,0,0,0,0,0,0,0,0,0,0,0,0,0,0,
1621593233,903451983,0,0,0,0,0,0,0,0,0,0,0,0,0,0,0,0,0,0,0,0,
1621593233,935649752,0,0,0,0,0,0,0,0,0,0,0,0,0,0,0,0,0,0,0,0,
1621593233,969280004,0,0,0,0,0,0,0,0,0,0,0,0,0,0,0,0,0,0,0,0,
1621593234,2698690,0,0,0,0,0,0,0,0,0,0,0,0,0,0,0,0,0,0,0,0,
1621593234,36364909,0,0,0,0,0,0,0,0,0,0,0,0,0,0,0,0,0,0,0,0,
1621593234,72200518,0,0,0,0,0,0,0,0,0,0,0,0,0,0,0,0,0,0,0,0,
1621593234,102632016,0,0,0,0,0,0,0,0,0,0,0,0,0,0,0,0,0,0,0,0,
1621593234,136613192,0,0,0,0,0,0,0,0,0,0,0,0,0,0,0,0,0,0,0,0,
1621593234,168903078,0,0,0,0,0,0,0,0,0,0,0,0,0,0,0,0,0,0,0,0,
1621593234,203114310,0,0,0,0,0,0,0,0,0,0,0,0,0,0,0,0,0,0,0,0,
1621593234,237096524,0,0,0,0,0,0,0,0,0,0,0,0,0,0,0,0,0,0,0,0,
1621593234,269751018,0,0,0,0,0,0,0,0,0,0,0,0,0,0,0,0,0,0,0,0,
1621593234,304442276,0,0,0,0,0,0,0,0,0,0,0,0,0,0,0,0,0,0,0,0,
1621593234,335938585,0,0,0,0,0,0,0,0,0,0,0,0,0,0,0,0,0,0,0,0,
1621593234,368880472,0,0,0,0,0,0,0,0,0,0,0,0,0,0,0,0,0,0,0,0,
1621593234,402439127,0,0,0,0,0,0,0,0,0,0,0,0,0,0,0,0,0,0,0,0,
1621593234,436044472,0,0,0,0,0,0,0,0,0,0,0,0,0,0,0,0,0,0,0,0,
1621593234,469290920,0,0,0,0,0,0,0,0,0,0,0,0,0,0,0,0,0,0,0,0,
1621593234,502342427,0,0,0,0,0,0,0,0,0,0,0,0,0,0,0,0,0,0,0,0,
1621593234,535678237,0,0,0,0,0,0,0,0,0,0,0,0,0,0,0,0,0,0,0,0,
1621593234,568956010,0,0,0,0,0,0,0,0,0,0,0,0,0,0,0,0,0,0,0,0,
1621593234,602286947,0,0,0,0,0,0,0,0,0,0,0,0,0,0,0,0,0,0,0,0,
1621593234,635612631,0,0,0,0,0,0,0,0,0,0,0,0,0,0,0,0,0,0,0,0,
1621593234,673428889,0,0,0,0,0,0,0,0,0,0,0,0,0,0,0,0,0,0,0,0,
1621593234,703357485,0,0,0,0,0,0,0,0,0,0,0,0,0,0,0,0,0,0,0,0,
1621593234,737871839,0,0,0,0,0,0,0,0,0,0,0,0,0,0,0,0,0,0,0,0,
1621593234,776705328,0,0,0,0,0,0,0,0,0,0,0,0,0,0,0,0,0,0,0,0,
1621593234,803591509,0,0,0,0,0,0,0,0,0,0,0,0,0,0,0,0,0,0,0,0,
1621593234,836896280,0,0,0,0,0,0,0,0,0,0,0,0,0,0,0,0,0,0,0,0,
1621593234,868955482,0,0,0,0,0,0,0,0,0,0,0,0,0,0,0,0,0,0,0,0,
1621593234,903127846,0,0,0,0,0,0,0,0,0,0,0,0,0,0,0,0,0,0,0,0,
1621593234,944090813,0,0,0,0,0,0,0,0,0,0,0,0,0,0,0,0,0,0,0,0,
1621593234,969567669,0,0,0,0,0,0,0,0,0,0,0,0,0,0,0,0,0,0,0,0,
1621593235,2153939,0,0,0,0,0,0,0,0,0,0,0,0,0,0,0,0,0,0,0,0,
1621593235,35263870,0,0,0,0,0,0,0,0,0,0,0,0,0,0,0,0,0,0,0,0,
1621593235,70397543,0,0,0,0,0,0,0,0,0,0,0,0,0,0,0,0,0,0,0,0,
1621593235,101286904,0,0,0,0,0,0,0,0,0,0,0,0,0,0,0,0,0,0,0,0,
1621593235,134924347,0,0,0,0,0,0,0,0,0,0,0,0,0,0,0,0,0,0,0,0,
1621593235,168025929,0,0,0,0,0,0,0,0,0,0,0,0,0,0,0,0,0,0,0,0,
1621593235,201178625,0,0,0,0,0,0,0,0,0,0,0,0,0,0,0,0,0,0,0,0,
1621593235,234746340,0,0,0,0,0,0,0,0,0,0,0,0,0,0,0,0,0,0,0,0,
1621593235,267165509,0,0,0,0,0,0,0,0,0,0,0,0,0,0,0,0,0,0,0,0,
1621593235,301386810,0,0,0,0,0,0,0,0,0,0,0,0,0,0,0,0,0,0,0,0,
1621593235,338594497,0.0424,0.0392,0.0432,0.036,0.0383,0.0284,0.0466,0.0312,0.0722,0.0399,0.022,0.0146,0.0444,0.0269,0.0853,0.0431,0.0404,0.0214,0.0542,0.0268,
1621593235,369293918,0.0459,0.0368,0.0422,0.0298,0.0494,0.0328,0.0298,0.0207,0.0466,0.0278,0.0252,0.0163,0.0867,0.0428,0.0592,0.0281,0.0021,0.0012,0.0219,0.0106,
1621593235,402296909,0.0562,0.0431,0.0498,0.0346,0.0368,0.0247,0.0814,0.0431,0.0567,0.0318,0.0332,0.0207,0.1117,0.0526,0.0685,0.0316,0.0301,0.0141,0.0638,0.0204,
1621593235,434030729,0,0,0,0,0,0,0,0,0,0,0,0,0,0,0,0,0,0,0,0,
1621593235,469564652,0,0,0,0,0,0,0,0,0,0,0,0,0,0,0,0,0,0,0,0,
1621593235,502004389,0.1776,0.0875,0.1871,0.0587,0.1513,0.0982,0.1513,0.096,0.1513,0.084,0.1927,0.0949,0.1796,0.0953,0.1796,0.0953,0.1796,0.0953,0.1796,0.0953,
1621593235,535752392,0.1689,0.1088,0.1627,0.0917,0.2158,0.0997,0.1456,0.068,0.1304,0.0586,0.1668,0.0677,0.1063,0.0486,0.1711,0.1074,0.1719,0.0982,0.1797,0.098,
1621593235,570070999,0.1788,0.1112,0.1793,0.1025,0.1911,0.101,0.1714,0.094,0.1666,0.0863,0.2493,0.1056,0.2256,0.102,0.1925,0.093,0.2364,0.1008,0.1973,0.0835,
1621593235,602333140,0.1857,0.1119,0.1875,0.1032,0.2021,0.1035,0.1765,0.0939,0.2285,0.1012,0.2203,0.0913,0.2154,0.0848,0.1504,0.0675,0.1806,0.0707,0.1225,0.0525,
1621593235,634906722,0.1913,0.0999,0.2488,0.1069,0.2363,0.0975,0.2496,0.098,0.2119,0.0812,0.1631,0.0685,0.2237,0.0828,0.1531,0.0586,0.1485,0.0574,0,0,
1621593235,668963909,0.196,0.1075,0.1967,0.0982,0.2091,0.0969,0.1854,0.0887,0.1874,0.0837,0.27,0.0999,0.2392,0.0938,0.2291,0.079,0.1636,0.0644,0.1604,0.0634,
1621593235,703651990,0.1952,0.1058,0.1996,0.0974,0.1966,0.0957,0.1861,0.0876,0.2419,0.0938,0.1867,0.0814,0.2701,0.0983,0.208,0.0858,0.2566,0.0928,0.1878,0.0773,
1621593235,736097594,0.1981,0.1068,0.1995,0.098,0.2108,0.0962,0.1927,0.0915,0.2469,0.0944,0.2134,0.0889,0.1669,0.0653,0.2332,0.0799,0.1562,0.0565,0.2163,0.0654,
1621593235,769400620,0.2042,0.11,0.2064,0.1027,0.2204,0.1007,0.1991,0.0942,0.2505,0.0996,0.2182,0.0918,0.1985,0.088,0.2793,0.1036,0.2641,0.097,0.2206,0.0872,
1621593235,801682328,0.2019,0.1207,0.2103,0.1054,0.2003,0.0959,0.2549,0.1018,0.2222,0.0951,0.2002,0.0894,0.2649,0.099,0.2224,0.0887,0.239,0.0846,0.2062,0.0723,
1621593235,835650041,0.2052,0.1138,0.2084,0.1062,0.2241,0.1055,0.2154,0.1024,0.1996,0.0972,0.2211,0.096,0.2503,0.101,0.2818,0.107,0.2449,0.0945,0.2268,0.0856,
1621593235,867509523,0,0,0,0,0,0,0,0,0,0,0,0,0,0,0,0,0,0,0,0,
1621593235,901350730,0.1474,0.0466,0.1746,0.0797,0.1653,0.0778,0.1424,0.0388,0.1996,0.0972,0.2211,0.096,0.2503,0.101,0.2818,0.107,0.2449,0.0945,0.2268,0.0856,
1621593235,935526194,0.1183,0.0766,0.1176,0.0693,0.1254,0.0679,0.1257,0.0621,0.1301,0.055,0.1407,0.057,0.1041,0.042,0.0673,0.0303,0.0465,0.0212,0.1263,0.0445,
1621593235,970012767,0.113,0.0724,0.1164,0.0671,0.1244,0.0672,0.125,0.061,0.181,0.0745,0.1509,0.066,0.1678,0.0699,0.0765,0.0354,0.1402,0.0552,0.1038,0.0415,
1621593236,3814162,0.1116,0.0635,0.1246,0.0648,0.148,0.0654,0.1771,0.0711,0.1613,0.0653,0.1413,0.0584,0.1188,0.0483,0.1342,0.0515,0.098,0.0379,0.1169,0.0392,
1621593236,35469981,0.1081,0.0669,0.1062,0.0601,0.1178,0.0618,0.0939,0.0504,0.1445,0.0621,0.1137,0.0532,0.1577,0.0631,0.1583,0.0621,0.1294,0.0492,0.093,0.0348,
1621593236,68450056,0.1068,0.0661,0.104,0.0589,0.0951,0.051,0.1446,0.0623,0.1125,0.0528,0.1563,0.0618,0.0925,0.0406,0.1171,0.0469,0.1295,0.049,0.0934,0.0351,
1621593236,102761706,0.1044,0.0652,0.1773,0.0863,0.1073,0.0607,0.0949,0.0515,0.1441,0.0619,0.1131,0.0532,0.1567,0.0624,0.1297,0.049,0.0583,0.0239,0.1144,0.0378,
1621593236,135819978,0.1059,0.0585,0.1162,0.0601,0.0948,0.051,0.1142,0.0539,0.1435,0.0618,0.1564,0.0618,0.1337,0.054,0.0913,0.0397,0.0675,0.0298,0.093,0.035,
1621593236,169945017,0.1033,0.0637,0.1024,0.0579,0.0923,0.049,0.1417,0.0594,0.1126,0.0522,0.1706,0.067,0.1567,0.0622,0.091,0.0393,0.129,0.0476,0.0914,0.034,
1621593236,202933037,0.1028,0.0581,0.1156,0.0597,0.0943,0.0511,0.1439,0.0617,0.1128,0.0531,0.1567,0.0619,0.0913,0.0395,0.1152,0.0456,0.0671,0.0295,0.1292,0.0484,
1621593236,235993409,0.1307,0.071,0.1411,0.0721,0.1148,0.0644,0.1074,0.0314,0.1052,0.069,0.1057,0.0608,0,0,0,0,0,0,0,0,
1621593236,269361406,0.1132,0.0739,0.1306,0.0653,0.1344,0.0791,0.1337,0.0777,0.1184,0.0394,0.1377,0.0798,0,0,0,0,0,0,0,0,
1621593236,302973894,0.1444,0.0931,0.1677,0.0984,0.1532,0.0924,0.1288,0.077,0.0679,0.0458,0.0978,0.0508,0,0,0,0,0,0,0,0,
1621593236,337023554,0.1164,0.106,0.1137,0.0951,0.1189,0.093,0.1033,0.0841,0.1156,0.0839,0.1395,0.092,0.1527,0.0945,0.1321,0.0846,0.0767,0.0566,0.1266,0.0777,
1621593236,368740696,0.1278,0.0832,0.0747,0.0505,0.0974,0.0811,0.1033,0.0683,0.0509,0.0384,0.1205,0.0875,0,0,0,0,0,0,0,0,
1621593236,404734188,0.0925,0.0913,0.0895,0.0817,0.0965,0.0814,0.0796,0.0711,0.0722,0.0619,0.115,0.0813,0.1255,0.0828,0.1031,0.0711,0.0901,0.0621,0.0508,0.0407,
1621593236,436789496,0.0911,0.0921,0.088,0.0812,0.0953,0.082,0.0761,0.0691,0.0896,0.0715,0.073,0.0631,0.1127,0.0807,0.1359,0.0896,0.1012,0.0737,0.0725,0.0598,
1621593236,469661863,0.0918,0.0925,0.0872,0.0818,0.0947,0.0819,0.0871,0.0706,0.0705,0.0617,0.1104,0.0813,0.1226,0.0834,0.0836,0.0641,0.0492,0.0403,0.0935,0.0639,
1621593236,501800084,0,0,0,0,0,0,0,0,0,0,0,0,0,0,0,0,0,0,0,0,
1621593236,535316018,0,0,0,0,0,0,0,0,0,0,0,0,0,0,0,0,0,0,0,0,
1621593236,568704823,0.0102,0.0192,0.003,0.005,0.0025,0.0039,0.0043,0.0051,0.0067,0.0073,0.0097,0.0177,0,0.0001,0.0023,0.0035,0.0011,0.0013,0,0,
1621593236,602325107,0.0113,0.0215,0.0061,0.0106,0.0055,0.0086,0.0056,0.0069,0.0175,0.0189,0.009,0.0102,0,0,0,0,0,0,0,0,
1621593236,636188846,0.0123,0.0243,0.0055,0.01,0.0047,0.0076,0.0055,0.007,0.017,0.0186,0.0089,0.0102,0,0,0,0,0,0,0,0,
1621593236,674495819,0.0016,0.003,0.0095,0.0118,0.0101,0.0113,0.0023,0.0026,0,0,0,0,0,0,0,0,0,0,0,0,
1621593236,702170537,0.0061,0.0128,0.0073,0.0082,0,0,0,0,0,0,0,0,0,0,0,0,0,0,0,0,
1621593236,736614115,0.0047,0.01,0.0035,0.0073,0,0,0,0,0,0,0,0,0,0,0,0,0,0,0,0,
1621593236,769539277,0.0041,0.0089,0.0027,0.0051,0,0,0,0,0,0,0,0,0,0,0,0,0,0,0,0,
1621593236,803626573,0.0047,0.0105,0,0,0,0,0,0,0,0,0,0,0,0,0,0,0,0,0,0,
1621593236,837278870,0.0036,0.0079,0.0002,0.0002,0,0,0,0,0,0,0,0,0,0,0,0,0,0,0,0,
1621593236,869031606,0.0027,0.0061,0,0,0,0,0,0,0,0,0,0,0,0,0,0,0,0,0,0,
1621593236,902893784,0.0019,0.0043,0,0,0,0,0,0,0,0,0,0,0,0,0,0,0,0,0,0,
1621593236,936285128,0.0033,0.0074,0,0,0,0,0,0,0,0,0,0,0,0,0,0,0,0,0,0,
1621593236,973747653,0,0,0,0,0,0,0,0,0,0,0,0,0,0,0,0,0,0,0,0,
1621593237,1010932,0,0,0,0,0,0,0,0,0,0,0,0,0,0,0,0,0,0,0,0,
1621593237,35743368,0,0,0,0,0,0,0,0,0,0,0,0,0,0,0,0,0,0,0,0,
1621593237,68739097,0,0,0,0,0,0,0,0,0,0,0,0,0,0,0,0,0,0,0,0,
1621593237,113949261,0,0,0,0,0,0,0,0,0,0,0,0,0,0,0,0,0,0,0,0,
1621593237,136590349,0,0,0,0,0,0,0,0,0,0,0,0,0,0,0,0,0,0,0,0,
1621593237,168807996,0,0,0,0,0,0,0,0,0,0,0,0,0,0,0,0,0,0,0,0,
1621593237,202149512,0,0,0,0,0,0,0,0,0,0,0,0,0,0,0,0,0,0,0,0,
1621593237,237742578,0,0,0,0,0,0,0,0,0,0,0,0,0,0,0,0,0,0,0,0,
1621593237,269263193,0,0,0,0,0,0,0,0,0,0,0,0,0,0,0,0,0,0,0,0,
1621593237,302133272,0,0,0,0,0,0,0,0,0,0,0,0,0,0,0,0,0,0,0,0,
1621593237,335523659,0,0,0,0,0,0,0,0,0,0,0,0,0,0,0,0,0,0,0,0,
1621593237,368685261,0,0,0,0,0,0,0,0,0,0,0,0,0,0,0,0,0,0,0,0,
1621593237,402071027,0,0,0,0,0,0,0,0,0,0,0,0,0,0,0,0,0,0,0,0,
1621593237,435800786,0,0,0,0,0,0,0,0,0,0,0,0,0,0,0,0,0,0,0,0,
1621593237,469108869,0,0,0,0,0,0,0,0,0,0,0,0,0,0,0,0,0,0,0,0,
1621593237,506086537,0,0,0,0,0,0,0,0,0,0,0,0,0,0,0,0,0,0,0,0,
1621593237,536438922,0,0,0,0,0,0,0,0,0,0,0,0,0,0,0,0,0,0,0,0,
1621593237,570056545,0,0,0,0,0,0,0,0,0,0,0,0,0,0,0,0,0,0,0,0,
1621593237,603146626,0,0,0,0,0,0,0,0,0,0,0,0,0,0,0,0,0,0,0,0,
1621593237,641946212,0,0,0,0,0,0,0,0,0,0,0,0,0,0,0,0,0,0,0,0,
1621593237,670003778,0,0,0,0,0,0,0,0,0,0,0,0,0,0,0,0,0,0,0,0,
1621593237,702419465,0,0,0,0,0,0,0,0,0,0,0,0,0,0,0,0,0,0,0,0,
1621593237,735933417,0,0,0,0,0,0,0,0,0,0,0,0,0,0,0,0,0,0,0,0,
1621593237,773839677,0,0,0,0,0,0,0,0,0,0,0,0,0,0,0,0,0,0,0,0,
1621593237,802851938,0,0,0,0,0,0,0,0,0,0,0,0,0,0,0,0,0,0,0,0,
1621593237,835661979,0,0,0,0,0,0,0,0,0,0,0,0,0,0,0,0,0,0,0,0,
1621593237,871261882,0,0,0,0,0,0,0,0,0,0,0,0,0,0,0,0,0,0,0,0,
1621593237,902604182,0,0,0,0,0,0,0,0,0,0,0,0,0,0,0,0,0,0,0,0,
1621593237,936201002,0,0,0,0,0,0,0,0,0,0,0,0,0,0,0,0,0,0,0,0,
1621593237,969355943,0,0,0,0,0,0,0,0,0,0,0,0,0,0,0,0,0,0,0,0,
1621593238,3650267,0,0,0,0,0,0,0,0,0,0,0,0,0,0,0,0,0,0,0,0,
1621593238,35828860,0,0,0,0,0,0,0,0,0,0,0,0,0,0,0,0,0,0,0,0,
1621593238,69004464,0,0,0,0,0,0,0,0,0,0,0,0,0,0,0,0,0,0,0,0,
1621593238,102620499,0,0,0,0,0,0,0,0,0,0,0,0,0,0,0,0,0,0,0,0,
1621593238,135866214,0,0,0,0,0,0,0,0,0,0,0,0,0,0,0,0,0,0,0,0,
1621593238,169472905,0,0,0,0,0,0,0,0,0,0,0,0,0,0,0,0,0,0,0,0,
1621593238,202582112,0,0,0,0,0,0,0,0,0,0,0,0,0,0,0,0,0,0,0,0,
1621593238,235490612,0,0,0,0,0,0,0,0,0,0,0,0,0,0,0,0,0,0,0,0,
1621593238,268920152,0,0,0,0,0,0,0,0,0,0,0,0,0,0,0,0,0,0,0,0,
1621593238,302123402,0,0,0,0,0,0,0,0,0,0,0,0,0,0,0,0,0,0,0,0,
1621593238,335816345,0,0,0,0,0,0,0,0,0,0,0,0,0,0,0,0,0,0,0,0,
1621593238,368502602,0,0,0,0,0,0,0,0,0,0,0,0,0,0,0,0,0,0,0,0,
1621593238,403501599,0,0,0,0,0,0,0,0,0,0,0,0,0,0,0,0,0,0,0,0,
1621593238,435451901,0,0,0,0,0,0,0,0,0,0,0,0,0,0,0,0,0,0,0,0,
1621593238,469025287,0,0,0,0,0,0,0,0,0,0,0,0,0,0,0,0,0,0,0,0,
1621593238,502772819,0,0,0,0,0,0,0,0,0,0,0,0,0,0,0,0,0,0,0,0,
1621593238,535649556,0,0,0,0,0,0,0,0,0,0,0,0,0,0,0,0,0,0,0,0,
1621593238,569118770,0,0,0,0,0,0,0,0,0,0,0,0,0,0,0,0,0,0,0,0,
1621593238,602134318,0,0,0,0,0,0,0,0,0,0,0,0,0,0,0,0,0,0,0,0,
1621593238,635731542,0,0,0,0,0,0,0,0,0,0,0,0,0,0,0,0,0,0,0,0,
1621593238,669402183,0,0,0,0,0,0,0,0,0,0,0,0,0,0,0,0,0,0,0,0,
1621593238,702293764,0,0,0,0,0,0,0,0,0,0,0,0,0,0,0,0,0,0,0,0,
1621593238,735415732,0,0,0,0,0,0,0,0,0,0,0,0,0,0,0,0,0,0,0,0,
1621593238,768815864,0,0,0,0,0,0,0,0,0,0,0,0,0,0,0,0,0,0,0,0,
1621593238,802487542,0,0,0,0,0,0,0,0,0,0,0,0,0,0,0,0,0,0,0,0,
1621593238,835217598,0,0,0,0,0,0,0,0,0,0,0,0,0,0,0,0,0,0,0,0,
1621593238,868726449,0,0,0,0,0,0,0,0,0,0,0,0,0,0,0,0,0,0,0,0,
1621593238,901799230,0,0,0,0,0,0,0,0,0,0,0,0,0,0,0,0,0,0,0,0,
1621593238,936700545,0,0,0,0,0,0,0,0,0,0,0,0,0,0,0,0,0,0,0,0,
1621593238,969370194,0,0,0,0,0,0,0,0,0,0,0,0,0,0,0,0,0,0,0,0,
1621593239,2122829,0,0,0,0,0,0,0,0,0,0,0,0,0,0,0,0,0,0,0,0,
1621593239,35400011,0,0,0,0,0,0,0,0,0,0,0,0,0,0,0,0,0,0,0,0,
1621593239,69717416,0,0,0,0,0,0,0,0,0,0,0,0,0,0,0,0,0,0,0,0,
1621593239,102068056,0,0,0,0,0,0,0,0,0,0,0,0,0,0,0,0,0,0,0,0,
1621593239,135430804,0,0,0,0,0,0,0,0,0,0,0,0,0,0,0,0,0,0,0,0,
1621593239,171352586,0,0,0,0,0,0,0,0,0,0,0,0,0,0,0,0,0,0,0,0,
1621593239,201665276,0,0,0,0,0,0,0,0,0,0,0,0,0,0,0,0,0,0,0,0,
1621593239,235502354,0,0,0,0,0,0,0,0,0,0,0,0,0,0,0,0,0,0,0,0,
1621593239,269825848,0,0,0,0,0,0,0,0,0,0,0,0,0,0,0,0,0,0,0,0,
1621593239,304590013,0,0,0,0,0,0,0,0,0,0,0,0,0,0,0,0,0,0,0,0,
1621593239,338888529,0,0,0,0,0,0,0,0,0,0,0,0,0,0,0,0,0,0,0,0,
1621593239,369538868,0,0,0,0,0,0,0,0,0,0,0,0,0,0,0,0,0,0,0,0,
1621593239,404299120,0,0,0,0,0,0,0,0,0,0,0,0,0,0,0,0,0,0,0,0,
1621593239,436731510,0,0,0,0,0,0,0,0,0,0,0,0,0,0,0,0,0,0,0,0,
1621593239,471036456,0,0,0,0,0,0,0,0,0,0,0,0,0,0,0,0,0,0,0,0,
1621593239,502846241,0,0,0,0,0,0,0,0,0,0,0,0,0,0,0,0,0,0,0,0,
1621593239,535751204,0,0,0,0,0,0,0,0,0,0,0,0,0,0,0,0,0,0,0,0,
1621593239,570749972,0,0,0,0,0,0,0,0,0,0,0,0,0,0,0,0,0,0,0,0,
1621593239,603876823,0,0,0,0,0,0,0,0,0,0,0,0,0,0,0,0,0,0,0,0,
1621593239,636751230,0,0,0,0,0,0,0,0,0,0,0,0,0,0,0,0,0,0,0,0,
1621593239,669682021,0,0,0,0,0,0,0,0,0,0,0,0,0,0,0,0,0,0,0,0,
1621593239,703512414,0,0,0,0,0,0,0,0,0,0,0,0,0,0,0,0,0,0,0,0,
1621593239,736203447,0,0,0,0,0,0,0,0,0,0,0,0,0,0,0,0,0,0,0,0,
1621593239,769600121,0,0,0,0,0,0,0,0,0,0,0,0,0,0,0,0,0,0,0,0,
1621593239,803148195,0,0,0,0,0,0,0,0,0,0,0,0,0,0,0,0,0,0,0,0,
1621593239,836591849,0,0,0,0,0,0,0,0,0,0,0,0,0,0,0,0,0,0,0,0,
1621593239,869696978,0,0,0,0,0,0,0,0,0,0,0,0,0,0,0,0,0,0,0,0,
1621593239,902948083,0,0,0,0,0,0,0,0,0,0,0,0,0,0,0,0,0,0,0,0,
1621593239,936457940,0,0,0,0,0,0,0,0,0,0,0,0,0,0,0,0,0,0,0,0,
1621593239,969519131,0,0,0,0,0,0,0,0,0,0,0,0,0,0,0,0,0,0,0,0,
1621593240,3271878,0,0,0,0,0,0,0,0,0,0,0,0,0,0,0,0,0,0,0,0,
1621593240,36378885,0,0,0,0,0,0,0,0,0,0,0,0,0,0,0,0,0,0,0,0,
1621593240,69837831,0,0,0,0,0,0,0,0,0,0,0,0,0,0,0,0,0,0,0,0,
1621593240,103395653,0,0,0,0,0,0,0,0,0,0,0,0,0,0,0,0,0,0,0,0,
1621593240,136368645,0,0,0,0,0,0,0,0,0,0,0,0,0,0,0,0,0,0,0,0,
1621593240,169942139,0,0,0,0,0,0,0,0,0,0,0,0,0,0,0,0,0,0,0,0,
1621593240,203064509,0,0,0,0,0,0,0,0,0,0,0,0,0,0,0,0,0,0,0,0,
1621593240,240629746,0,0,0,0,0,0,0,0,0,0,0,0,0,0,0,0,0,0,0,0,
1621593240,270566745,0,0,0,0,0,0,0,0,0,0,0,0,0,0,0,0,0,0,0,0,
1621593240,303565561,0,0,0,0,0,0,0,0,0,0,0,0,0,0,0,0,0,0,0,0,
1621593240,336473444,0,0,0,0,0,0,0,0,0,0,0,0,0,0,0,0,0,0,0,0,
1621593240,369588795,0,0,0,0,0,0,0,0,0,0,0,0,0,0,0,0,0,0,0,0,
1621593240,402114625,0,0,0,0,0,0,0,0,0,0,0,0,0,0,0,0,0,0,0,0,
1621593240,436464347,0,0,0,0,0,0,0,0,0,0,0,0,0,0,0,0,0,0,0,0,
1621593240,469163198,0,0,0,0,0,0,0,0,0,0,0,0,0,0,0,0,0,0,0,0,
1621593240,503446252,0,0,0,0,0,0,0,0,0,0,0,0,0,0,0,0,0,0,0,0,
1621593240,535969179,0,0,0,0,0,0,0,0,0,0,0,0,0,0,0,0,0,0,0,0,
1621593240,569433940,0,0,0,0,0,0,0,0,0,0,0,0,0,0,0,0,0,0,0,0,
1621593240,602384410,0,0,0,0,0,0,0,0,0,0,0,0,0,0,0,0,0,0,0,0,
1621593240,639226362,0,0,0,0,0,0,0,0,0,0,0,0,0,0,0,0,0,0,0,0,
1621593240,669986230,0,0,0,0,0,0,0,0,0,0,0,0,0,0,0,0,0,0,0,0,
1621593240,702040946,0,0,0,0,0,0,0,0,0,0,0,0,0,0,0,0,0,0,0,0,
1621593240,735855210,0,0,0,0,0,0,0,0,0,0,0,0,0,0,0,0,0,0,0,0,
1621593240,768830826,0,0,0,0,0,0,0,0,0,0,0,0,0,0,0,0,0,0,0,0,
1621593240,802864800,0,0,0,0,0,0,0,0,0,0,0,0,0,0,0,0,0,0,0,0,
1621593240,836191757,0,0,0,0,0,0,0,0,0,0,0,0,0,0,0,0,0,0,0,0,
1621593240,868534330,0,0,0,0,0,0,0,0,0,0,0,0,0,0,0,0,0,0,0,0,
1621593240,903013989,0,0,0,0,0,0,0,0,0,0,0,0,0,0,0,0,0,0,0,0,
1621593240,937083331,0,0,0,0,0,0,0,0,0,0,0,0,0,0,0,0,0,0,0,0,
1621593240,969560307,0,0,0,0,0,0,0,0,0,0,0,0,0,0,0,0,0,0,0,0,
1621593241,2600831,0,0,0,0,0,0,0,0,0,0,0,0,0,0,0,0,0,0,0,0,
1621593241,35067699,0,0,0,0,0,0,0,0,0,0,0,0,0,0,0,0,0,0,0,0,
1621593241,69163282,0,0,0,0,0,0,0,0,0,0,0,0,0,0,0,0,0,0,0,0,
1621593241,102839652,0,0,0,0,0,0,0,0,0,0,0,0,0,0,0,0,0,0,0,0,
1621593241,135282333,0,0,0,0,0,0,0,0,0,0,0,0,0,0,0,0,0,0,0,0,
1621593241,169417757,0,0,0,0,0,0,0,0,0,0,0,0,0,0,0,0,0,0,0,0,
1621593241,205597552,0,0,0,0,0,0,0,0,0,0,0,0,0,0,0,0,0,0,0,0,
1621593241,235417199,0,0,0,0,0,0,0,0,0,0,0,0,0,0,0,0,0,0,0,0,
1621593241,268602288,0,0,0,0,0,0,0,0,0,0,0,0,0,0,0,0,0,0,0,0,
1621593241,301856148,0,0,0,0,0,0,0,0,0,0,0,0,0,0,0,0,0,0,0,0,
1621593241,335168160,0,0,0,0,0,0,0,0,0,0,0,0,0,0,0,0,0,0,0,0,
1621593241,368343760,0,0,0,0,0,0,0,0,0,0,0,0,0,0,0,0,0,0,0,0,
1621593241,401383005,0,0,0,0,0,0,0,0,0,0,0,0,0,0,0,0,0,0,0,0,
1621593241,435964712,0,0,0,0,0,0,0,0,0,0,0,0,0,0,0,0,0,0,0,0,
1621593241,468099866,0,0,0,0,0,0,0,0,0,0,0,0,0,0,0,0,0,0,0,0,
1621593241,502134097,0,0,0,0,0,0,0,0,0,0,0,0,0,0,0,0,0,0,0,0,
1621593241,535055241,0,0,0,0,0,0,0,0,0,0,0,0,0,0,0,0,0,0,0,0,
1621593241,568341259,0,0,0,0,0,0,0,0,0,0,0,0,0,0,0,0,0,0,0,0,
1621593241,601992778,0,0,0,0,0,0,0,0,0,0,0,0,0,0,0,0,0,0,0,0,
1621593241,634969646,0,0,0,0,0,0,0,0,0,0,0,0,0,0,0,0,0,0,0,0,
1621593241,668416339,0,0,0,0,0,0,0,0,0,0,0,0,0,0,0,0,0,0,0,0,
1621593241,701653527,0,0,0,0,0,0,0,0,0,0,0,0,0,0,0,0,0,0,0,0,
1621593241,735406510,0,0,0,0,0,0,0,0,0,0,0,0,0,0,0,0,0,0,0,0,
1621593241,768763783,0,0,0,0,0,0,0,0,0,0,0,0,0,0,0,0,0,0,0,0,
1621593241,804274310,0,0,0,0,0,0,0,0,0,0,0,0,0,0,0,0,0,0,0,0,
1621593241,838074451,0,0,0,0,0,0,0,0,0,0,0,0,0,0,0,0,0,0,0,0,
1621593241,868003764,0,0,0,0,0,0,0,0,0,0,0,0,0,0,0,0,0,0,0,0,
1621593241,900801629,0,0,0,0,0,0,0,0,0,0,0,0,0,0,0,0,0,0,0,0,
1621593241,935257116,0.0157,0.0062,0.0384,0.0151,0,0,0,0,0,0,0,0,0,0,0,0,0,0,0,0,
1621593241,967787922,0,0,0,0,0,0,0,0,0,0,0,0,0,0,0,0,0,0,0,0,
1621593242,1455186,0.0243,0.0143,0.0171,0.0089,0.0382,0.0124,0.0285,0.0096,0.0336,0.0064,0.0237,0.0139,0.0253,0.0123,0.0801,0.0276,0.0529,0.019,0.0203,0.0099,
1621593242,34165755,0,0,0,0,0,0,0,0,0,0,0,0,0,0,0,0,0,0,0,0,
1621593242,67608361,0,0,0,0,0,0,0,0,0,0,0,0,0,0,0,0,0,0,0,0,
1621593242,102113867,0.1673,0.0751,0.1663,0.0683,0.1783,0.0675,0.2336,0.0678,0.2092,0.0634,0.1949,0.052,0.1309,0.0391,0.1617,0.0416,0.1234,0.0348,0.1043,0.0292,
1621593242,135955303,0.17,0.0835,0.1731,0.0767,0.1746,0.0692,0.1677,0.0621,0.1874,0.0603,0.2205,0.0646,0.1443,0.0421,0.2053,0.0525,0.1333,0.0358,0.1912,0.0408,
1621593242,168545402,0,0,0,0,0,0,0,0,0,0,0,0,0,0,0,0,0,0,0,0,
1621593242,201328693,0.226,0.1005,0.2291,0.0909,0.2292,0.0912,0.2748,0.0741,0.2687,0.0856,0.2687,0.0856,0.2687,0.0856,0.2687,0.0856,0,0,0,0,
1621593242,235611495,0.2425,0.0942,0.2475,0.0849,0.2997,0.0749,0.2174,0.0563,0.206,0.0486,0.2818,0.0415,0.2422,0.0934,0.2454,0.0835,0.2536,0.0844,0.2105,0.0498,
1621593242,268199232,0.2557,0.0931,0.2595,0.0925,0.2564,0.0917,0.2564,0.0917,0.206,0.0486,0,0,0,0,0,0,0,0,0,0,
1621593242,301042931,0.2706,0.096,0.2733,0.0864,0.2854,0.0845,0.245,0.0553,0.2709,0.0944,0.273,0.0833,0.3043,0.0332,0.3043,0.0332,0.3043,0.0332,0,0,
1621593242,334404545,0.2771,0.0956,0.2804,0.087,0.2724,0.0782,0.2774,0.0949,0.2804,0.0834,0,0,0,0,0,0,0,0,0,0,
1621593242,367818179,0.2851,0.0973,0.2906,0.0875,0.284,0.0686,0.2601,0.0573,0.2848,0.096,0.3201,0.0326,0.3201,0.0326,0.3201,0.0326,0,0,0,0,
1621593242,401067736,0.2876,0.0977,0.2911,0.0888,0.2853,0.0736,0.2648,0.0582,0.2635,0.0521,0.3248,0.0637,0.3248,0.0637,0.3248,0.0637,0.3248,0.0637,0.3248,0.0637,
1621593242,434363952,0.2956,0.0974,0.2764,0.0577,0.2678,0.0528,0.2678,0.0528,0.2678,0.0528,0.2678,0.0528,0.2678,0.0528,0.2678,0.0528,0.2678,0.0528,0.2678,0.0528,
1621593242,467837431,0.2968,0.0951,0.3016,0.0868,0.2922,0.0704,0.2741,0.0541,0.2656,0.0477,0.2449,0.0431,0.2968,0.0951,0.2739,0.0536,0.2709,0.0507,0,0,
1621593242,501118428,0.2971,0.094,0.3015,0.0859,0.2924,0.0701,0.2765,0.0547,0.2737,0.0473,0.2765,0.0549,0.3046,0.0757,0.3046,0.0757,0.3046,0.0757,0.3046,0.0757,
1621593242,534446850,0.2976,0.0956,0.3021,0.086,0.2926,0.0715,0.2794,0.0559,0.3471,0.0699,0.3471,0.0699,0.3471,0.0699,0.3471,0.0699,0.3471,0.0699,0.3471,0.0699,
1621593242,567477874,0,0,0,0,0,0,0,0,0,0,0,0,0,0,0,0,0,0,0,0,
1621593242,600431437,0,0,0,0,0,0,0,0,0,0,0,0,0,0,0,0,0,0,0,0,
1621593242,634087406,0,0,0,0,0,0,0,0,0,0,0,0,0,0,0,0,0,0,0,0,
1621593242,667478282,0,0,0,0,0,0,0,0,0,0,0,0,0,0,0,0,0,0,0,0,
1621593242,702328732,0.0975,0.0298,0.0978,0.0256,0.1111,0.0261,0.0896,0.0211,0.0866,0.0178,0.1398,0.0242,0.1119,0.0213,0.1544,0.0247,0.132,0.0198,0.121,0.0156,
1621593242,735116600,0.0939,0.0249,0.1062,0.0252,0.0834,0.0203,0.0812,0.0175,0.1054,0.0207,0.1596,0.0262,0.138,0.0241,0.1468,0.0236,0.1298,0.0206,0.0642,0.01,
1621593242,768427063,0.1116,0.0373,0.1012,0.0248,0.0798,0.0199,0.1012,0.0205,0.0769,0.0169,0.1568,0.026,0.1295,0.0226,0.1417,0.0234,0.1197,0.0191,0.0809,0.0139,
1621593242,801692859,0.0753,0.0276,0.0833,0.0272,0.0851,0.0225,0.0969,0.0239,0.0757,0.0186,0.0959,0.0193,0.1295,0.0226,0.1275,0.023,0.0969,0.017,0.0539,0.0086,
1621593242,835357963,0.0783,0.0249,0.0805,0.0219,0.0927,0.0227,0.072,0.0179,0.0681,0.0146,0.1227,0.0221,0.1339,0.0215,0.1152,0.0182,0.1097,0.0148,0.0504,0.0078,
1621593242,872794487,0.0744,0.0271,0.0784,0.0251,0.0791,0.0212,0.0926,0.022,0.0679,0.0144,0.0909,0.0178,0.1209,0.0214,0.1341,0.0208,0.0885,0.0149,0.0956,0.0136,
1621593242,901528945,0,0,0,0,0,0,0,0,0,0,0,0,0,0,0,0,0,0,0,0,
1621593242,933928477,0,0,0,0,0,0,0,0,0,0,0,0,0,0,0,0,0,0,0,0,
1621593242,967957147,0.1341,0.0208,0.0885,0.0149,0.0956,0.0136,0,0,0,0,0,0,0,0,0,0,0,0,0,0,
1621593243,3338994,0,0,0,0,0,0,0,0,0,0,0,0,0,0,0,0,0,0,0,0,
1621593243,34974501,0,0,0,0,0,0,0,0,0,0,0,0,0,0,0,0,0,0,0,0,
1621593243,68390931,0,0,0,0,0,0,0,0,0,0,0,0,0,0,0,0,0,0,0,0,
1621593243,103417055,0,0,0,0,0,0,0,0,0,0,0,0,0,0,0,0,0,0,0,0,
1621593243,135789521,0,0,0,0,0,0,0,0,0,0,0,0,0,0,0,0,0,0,0,0,
1621593243,169190592,0,0,0,0,0,0,0,0,0,0,0,0,0,0,0,0,0,0,0,0,
1621593243,202288047,0,0,0,0,0,0,0,0,0,0,0,0,0,0,0,0,0,0,0,0,
1621593243,235234274,0,0,0,0,0,0,0,0,0,0,0,0,0,0,0,0,0,0,0,0,
1621593243,268961246,0,0,0,0,0,0,0,0,0,0,0,0,0,0,0,0,0,0,0,0,
1621593243,302699066,0,0,0,0,0,0,0,0,0,0,0,0,0,0,0,0,0,0,0,0,
1621593243,335304643,0,0,0,0,0,0,0,0,0,0,0,0,0,0,0,0,0,0,0,0,
1621593243,369938759,0,0,0,0,0,0,0,0,0,0,0,0,0,0,0,0,0,0,0,0,
1621593243,404338310,0,0,0,0,0,0,0,0,0,0,0,0,0,0,0,0,0,0,0,0,
1621593243,436996631,0,0,0,0,0,0,0,0,0,0,0,0,0,0,0,0,0,0,0,0,
1621593243,469826295,0,0,0,0,0,0,0,0,0,0,0,0,0,0,0,0,0,0,0,0,
1621593243,506900429,0,0,0,0,0,0,0,0,0,0,0,0,0,0,0,0,0,0,0,0,
1621593243,535585129,0,0,0,0,0,0,0,0,0,0,0,0,0,0,0,0,0,0,0,0,
1621593243,568627679,0,0,0,0,0,0,0,0,0,0,0,0,0,0,0,0,0,0,0,0,
1621593243,602091411,0,0,0,0,0,0,0,0,0,0,0,0,0,0,0,0,0,0,0,0,
1621593243,638826316,0,0,0,0,0,0,0,0,0,0,0,0,0,0,0,0,0,0,0,0,
1621593243,669540296,0,0,0,0,0,0,0,0,0,0,0,0,0,0,0,0,0,0,0,0,
1621593243,702779421,0,0,0,0,0,0,0,0,0,0,0,0,0,0,0,0,0,0,0,0,
1621593243,735145119,0,0,0,0,0,0,0,0,0,0,0,0,0,0,0,0,0,0,0,0,
1621593243,768465706,0,0,0,0,0,0,0,0,0,0,0,0,0,0,0,0,0,0,0,0,
1621593243,802490008,0,0,0,0,0,0,0,0,0,0,0,0,0,0,0,0,0,0,0,0,
1621593243,835903699,0,0,0,0,0,0,0,0,0,0,0,0,0,0,0,0,0,0,0,0,
1621593243,872661458,0,0,0,0,0,0,0,0,0,0,0,0,0,0,0,0,0,0,0,0,
1621593243,903880431,0,0,0,0,0,0,0,0,0,0,0,0,0,0,0,0,0,0,0,0,
1621593243,936387249,0,0,0,0,0,0,0,0,0,0,0,0,0,0,0,0,0,0,0,0,
1621593243,969936389,0,0,0,0,0,0,0,0,0,0,0,0,0,0,0,0,0,0,0,0,
1621593244,2691389,0,0,0,0,0,0,0,0,0,0,0,0,0,0,0,0,0,0,0,0,
1621593244,39389345,0,0,0,0,0,0,0,0,0,0,0,0,0,0,0,0,0,0,0,0,
1621593244,69892565,0,0,0,0,0,0,0,0,0,0,0,0,0,0,0,0,0,0,0,0,
1621593244,102949022,0,0,0,0,0,0,0,0,0,0,0,0,0,0,0,0,0,0,0,0,
1621593244,136059183,0,0,0,0,0,0,0,0,0,0,0,0,0,0,0,0,0,0,0,0,
1621593244,170168310,0,0,0,0,0,0,0,0,0,0,0,0,0,0,0,0,0,0,0,0,
1621593244,203944236,0,0,0,0,0,0,0,0,0,0,0,0,0,0,0,0,0,0,0,0,
1621593244,236658234,0,0,0,0,0,0,0,0,0,0,0,0,0,0,0,0,0,0,0,0,
1621593244,269109544,0,0,0,0,0,0,0,0,0,0,0,0,0,0,0,0,0,0,0,0,
1621593244,310440739,0,0,0,0,0,0,0,0,0,0,0,0,0,0,0,0,0,0,0,0,
1621593244,341602643,0,0,0,0,0,0,0,0,0,0,0,0,0,0,0,0,0,0,0,0,
1621593244,369565209,0,0,0,0,0,0,0,0,0,0,0,0,0,0,0,0,0,0,0,0,
1621593244,402645318,0,0,0,0,0,0,0,0,0,0,0,0,0,0,0,0,0,0,0,0,
1621593244,436976256,0,0,0,0,0,0,0,0,0,0,0,0,0,0,0,0,0,0,0,0,
1621593244,469588785,0,0,0,0,0,0,0,0,0,0,0,0,0,0,0,0,0,0,0,0,
1621593244,502280978,0,0,0,0,0,0,0,0,0,0,0,0,0,0,0,0,0,0,0,0,
1621593244,535957466,0,0,0,0,0,0,0,0,0,0,0,0,0,0,0,0,0,0,0,0,
1621593244,569852745,0,0,0,0,0,0,0,0,0,0,0,0,0,0,0,0,0,0,0,0,
1621593244,602626485,0,0,0,0,0,0,0,0,0,0,0,0,0,0,0,0,0,0,0,0,
1621593244,635183073,0,0,0,0,0,0,0,0,0,0,0,0,0,0,0,0,0,0,0,0,
1621593244,669660717,0,0,0,0,0,0,0,0,0,0,0,0,0,0,0,0,0,0,0,0,
1621593244,703932789,0,0,0,0,0,0,0,0,0,0,0,0,0,0,0,0,0,0,0,0,
1621593244,735976762,0,0,0,0,0,0,0,0,0,0,0,0,0,0,0,0,0,0,0,0,
1621593244,769325803,0,0,0,0,0,0,0,0,0,0,0,0,0,0,0,0,0,0,0,0,
1621593244,802442504,0,0,0,0,0,0,0,0,0,0,0,0,0,0,0,0,0,0,0,0,
1621593244,835903617,0,0,0,0,0,0,0,0,0,0,0,0,0,0,0,0,0,0,0,0,
1621593244,868955660,0,0,0,0,0,0,0,0,0,0,0,0,0,0,0,0,0,0,0,0,
1621593244,902979944,0,0,0,0,0,0,0,0,0,0,0,0,0,0,0,0,0,0,0,0,
1621593244,935978408,0,0,0,0,0,0,0,0,0,0,0,0,0,0,0,0,0,0,0,0,
1621593244,969930754,0,0,0,0,0,0,0,0,0,0,0,0,0,0,0,0,0,0,0,0,
1621593245,3370797,0,0,0,0,0,0,0,0,0,0,0,0,0,0,0,0,0,0,0,0,
1621593245,35848778,0,0,0,0,0,0,0,0,0,0,0,0,0,0,0,0,0,0,0,0,
1621593245,69598164,0,0,0,0,0,0,0,0,0,0,0,0,0,0,0,0,0,0,0,0,
1621593245,102691807,0,0,0,0,0,0,0,0,0,0,0,0,0,0,0,0,0,0,0,0,
1621593245,136429031,0,0,0,0,0,0,0,0,0,0,0,0,0,0,0,0,0,0,0,0,
1621593245,168669832,0,0,0,0,0,0,0,0,0,0,0,0,0,0,0,0,0,0,0,0,
1621593245,202358429,0,0,0,0,0,0,0,0,0,0,0,0,0,0,0,0,0,0,0,0,
1621593245,235184690,0,0,0,0,0,0,0,0,0,0,0,0,0,0,0,0,0,0,0,0,
1621593245,268688411,0,0,0,0,0,0,0,0,0,0,0,0,0,0,0,0,0,0,0,0,
1621593245,302587090,0,0,0,0,0,0,0,0,0,0,0,0,0,0,0,0,0,0,0,0,
1621593245,336371897,0,0,0,0,0,0,0,0,0,0,0,0,0,0,0,0,0,0,0,0,
1621593245,371864791,0,0,0,0,0,0,0,0,0,0,0,0,0,0,0,0,0,0,0,0,
1621593245,403493271,0,0,0,0,0,0,0,0,0,0,0,0,0,0,0,0,0,0,0,0,
1621593245,435192574,0,0,0,0,0,0,0,0,0,0,0,0,0,0,0,0,0,0,0,0,
1621593245,470433710,0,0,0,0,0,0,0,0,0,0,0,0,0,0,0,0,0,0,0,0,
1621593245,502179462,0,0,0,0,0,0,0,0,0,0,0,0,0,0,0,0,0,0,0,0,
1621593245,534868102,0,0,0,0,0,0,0,0,0,0,0,0,0,0,0,0,0,0,0,0,
1621593245,568264875,0,0,0,0,0,0,0,0,0,0,0,0,0,0,0,0,0,0,0,0,
1621593245,601880220,0,0,0,0,0,0,0,0,0,0,0,0,0,0,0,0,0,0,0,0,
1621593245,635417352,0,0,0,0,0,0,0,0,0,0,0,0,0,0,0,0,0,0,0,0,
1621593245,669257237,0,0,0,0,0,0,0,0,0,0,0,0,0,0,0,0,0,0,0,0,
1621593245,702460161,0,0,0,0,0,0,0,0,0,0,0,0,0,0,0,0,0,0,0,0,
1621593245,741439801,0,0,0,0,0,0,0,0,0,0,0,0,0,0,0,0,0,0,0,0,
1621593245,770925199,0,0,0,0,0,0,0,0,0,0,0,0,0,0,0,0,0,0,0,0,
1621593245,804511559,0,0,0,0,0,0,0,0,0,0,0,0,0,0,0,0,0,0,0,0,
1621593245,835477303,0,0,0,0,0,0,0,0,0,0,0,0,0,0,0,0,0,0,0,0,
1621593245,868823129,0,0,0,0,0,0,0,0,0,0,0,0,0,0,0,0,0,0,0,0,
1621593245,901606337,0,0,0,0,0,0,0,0,0,0,0,0,0,0,0,0,0,0,0,0,
1621593245,935787869,0,0,0,0,0,0,0,0,0,0,0,0,0,0,0,0,0,0,0,0,
1621593245,968980654,0,0,0,0,0,0,0,0,0,0,0,0,0,0,0,0,0,0,0,0,
1621593246,3176963,0,0,0,0,0,0,0,0,0,0,0,0,0,0,0,0,0,0,0,0,
1621593246,35685505,0,0,0,0,0,0,0,0,0,0,0,0,0,0,0,0,0,0,0,0,
1621593246,68984647,0,0,0,0,0,0,0,0,0,0,0,0,0,0,0,0,0,0,0,0,
1621593246,102577337,0,0,0,0,0,0,0,0,0,0,0,0,0,0,0,0,0,0,0,0,
1621593246,138639472,0,0,0,0,0,0,0,0,0,0,0,0,0,0,0,0,0,0,0,0,
1621593246,169343657,0,0,0,0,0,0,0,0,0,0,0,0,0,0,0,0,0,0,0,0,
1621593246,202141723,0,0,0,0,0,0,0,0,0,0,0,0,0,0,0,0,0,0,0,0,
1621593246,235010167,0,0,0,0,0,0,0,0,0,0,0,0,0,0,0,0,0,0,0,0,
1621593246,271313297,0,0,0,0,0,0,0,0,0,0,0,0,0,0,0,0,0,0,0,0,
1621593246,306700446,0,0,0,0,0,0,0,0,0,0,0,0,0,0,0,0,0,0,0,0,
1621593246,335880549,0,0,0,0,0,0,0,0,0,0,0,0,0,0,0,0,0,0,0,0,
1621593246,370465511,0,0,0,0,0,0,0,0,0,0,0,0,0,0,0,0,0,0,0,0,
1621593246,406410525,0,0,0,0,0,0,0,0,0,0,0,0,0,0,0,0,0,0,0,0,
1621593246,436557672,0,0,0,0,0,0,0,0,0,0,0,0,0,0,0,0,0,0,0,0,
1621593246,470503565,0,0,0,0,0,0,0,0,0,0,0,0,0,0,0,0,0,0,0,0,
1621593246,506592144,0,0,0,0,0,0,0,0,0,0,0,0,0,0,0,0,0,0,0,0,
1621593246,539915012,0,0,0,0,0,0,0,0,0,0,0,0,0,0,0,0,0,0,0,0,
1621593246,571401857,0,0,0,0,0,0,0,0,0,0,0,0,0,0,0,0,0,0,0,0,
1621593246,604237197,0,0,0,0,0,0,0,0,0,0,0,0,0,0,0,0,0,0,0,0,
1621593246,636152687,0,0,0,0,0,0,0,0,0,0,0,0,0,0,0,0,0,0,0,0,
1621593246,671199535,0,0,0,0,0,0,0,0,0,0,0,0,0,0,0,0,0,0,0,0,
1621593246,702997506,0,0,0,0,0,0,0,0,0,0,0,0,0,0,0,0,0,0,0,0,
1621593246,736737834,0,0,0,0,0,0,0,0,0,0,0,0,0,0,0,0,0,0,0,0,
1621593246,770605144,0,0,0,0,0,0,0,0,0,0,0,0,0,0,0,0,0,0,0,0,
1621593246,802489244,0,0,0,0,0,0,0,0,0,0,0,0,0,0,0,0,0,0,0,0,
1621593246,836410201,0,0,0,0,0,0,0,0,0,0,0,0,0,0,0,0,0,0,0,0,
1621593246,869230390,0,0,0,0,0,0,0,0,0,0,0,0,0,0,0,0,0,0,0,0,
1621593246,905319102,0,0,0,0,0,0,0,0,0,0,0,0,0,0,0,0,0,0,0,0,
1621593246,935541084,0,0,0,0,0,0,0,0,0,0,0,0,0,0,0,0,0,0,0,0,
1621593246,968917201,0,0,0,0,0,0,0,0,0,0,0,0,0,0,0,0,0,0,0,0,
1621593247,2657243,0,0,0,0,0,0,0,0,0,0,0,0,0,0,0,0,0,0,0,0,
1621593247,37663505,0,0,0,0,0,0,0,0,0,0,0,0,0,0,0,0,0,0,0,0,
1621593247,70852212,0,0,0,0,0,0,0,0,0,0,0,0,0,0,0,0,0,0,0,0,
1621593247,102445499,0,0,0,0,0,0,0,0,0,0,0,0,0,0,0,0,0,0,0,0,
1621593247,136533394,0,0,0,0,0,0,0,0,0,0,0,0,0,0,0,0,0,0,0,0,
1621593247,173567056,0,0,0,0,0,0,0,0,0,0,0,0,0,0,0,0,0,0,0,0,
1621593247,202407466,0,0,0,0,0,0,0,0,0,0,0,0,0,0,0,0,0,0,0,0,
1621593247,235563787,0,0,0,0,0,0,0,0,0,0,0,0,0,0,0,0,0,0,0,0,
1621593247,269679905,0,0,0,0,0,0,0,0,0,0,0,0,0,0,0,0,0,0,0,0,
1621593247,302872515,0,0,0,0,0,0,0,0,0,0,0,0,0,0,0,0,0,0,0,0,
1621593247,337823938,0,0,0,0,0,0,0,0,0,0,0,0,0,0,0,0,0,0,0,0,
1621593247,370001280,0,0,0,0,0,0,0,0,0,0,0,0,0,0,0,0,0,0,0,0,
1621593247,402068083,0,0,0,0,0,0,0,0,0,0,0,0,0,0,0,0,0,0,0,0,
1621593247,437525427,0,0,0,0,0,0,0,0,0,0,0,0,0,0,0,0,0,0,0,0,
1621593247,469954280,0,0,0,0,0,0,0,0,0,0,0,0,0,0,0,0,0,0,0,0,
1621593247,502891806,0,0,0,0,0,0,0,0,0,0,0,0,0,0,0,0,0,0,0,0,
1621593247,546102158,0,0,0,0,0,0,0,0,0,0,0,0,0,0,0,0,0,0,0,0,
1621593247,570413875,0,0,0,0,0,0,0,0,0,0,0,0,0,0,0,0,0,0,0,0,
1621593247,603202905,0,0,0,0,0,0,0,0,0,0,0,0,0,0,0,0,0,0,0,0,
1621593247,636340445,0,0,0,0,0,0,0,0,0,0,0,0,0,0,0,0,0,0,0,0,
1621593247,670997402,0,0,0,0,0,0,0,0,0,0,0,0,0,0,0,0,0,0,0,0,
1621593247,703751572,0,0,0,0,0,0,0,0,0,0,0,0,0,0,0,0,0,0,0,0,
1621593247,736146923,0,0,0,0,0,0,0,0,0,0,0,0,0,0,0,0,0,0,0,0,
1621593247,769280505,0,0,0,0,0,0,0,0,0,0,0,0,0,0,0,0,0,0,0,0,
1621593247,803838554,0,0,0,0,0,0,0,0,0,0,0,0,0,0,0,0,0,0,0,0,
1621593247,836882033,0,0,0,0,0,0,0,0,0,0,0,0,0,0,0,0,0,0,0,0,
1621593247,869853534,0,0,0,0,0,0,0,0,0,0,0,0,0,0,0,0,0,0,0,0,
1621593247,903896666,0,0,0,0,0,0,0,0,0,0,0,0,0,0,0,0,0,0,0,0,
1621593247,936048192,0,0,0,0,0,0,0,0,0,0,0,0,0,0,0,0,0,0,0,0,
1621593247,971245011,0,0,0,0,0,0,0,0,0,0,0,0,0,0,0,0,0,0,0,0,
1621593248,3808484,0,0,0,0,0,0,0,0,0,0,0,0,0,0,0,0,0,0,0,0,
1621593248,36938946,0,0,0,0,0,0,0,0,0,0,0,0,0,0,0,0,0,0,0,0,
1621593248,71706250,0,0,0,0,0,0,0,0,0,0,0,0,0,0,0,0,0,0,0,0,
1621593248,102596691,0,0,0,0,0,0,0,0,0,0,0,0,0,0,0,0,0,0,0,0,
1621593248,137023476,0,0,0,0,0,0,0,0,0,0,0,0,0,0,0,0,0,0,0,0,
1621593248,169120284,0,0,0,0,0,0,0,0,0,0,0,0,0,0,0,0,0,0,0,0,
1621593248,204010541,0,0,0,0,0,0,0,0,0,0,0,0,0,0,0,0,0,0,0,0,
1621593248,235203592,0,0,0,0,0,0,0,0,0,0,0,0,0,0,0,0,0,0,0,0,
1621593248,269740498,0,0,0,0,0,0,0,0,0,0,0,0,0,0,0,0,0,0,0,0,
1621593248,304566096,0,0,0,0,0,0,0,0,0,0,0,0,0,0,0,0,0,0,0,0,
1621593248,336143700,0,0,0,0,0,0,0,0,0,0,0,0,0,0,0,0,0,0,0,0,
1621593248,368798210,0,0,0,0,0,0,0,0,0,0,0,0,0,0,0,0,0,0,0,0,
1621593248,402232017,0,0,0,0,0,0,0,0,0,0,0,0,0,0,0,0,0,0,0,0,
1621593248,435257827,0,0,0,0,0,0,0,0,0,0,0,0,0,0,0,0,0,0,0,0,
1621593248,468454616,0,0,0,0,0,0,0,0,0,0,0,0,0,0,0,0,0,0,0,0,
1621593248,502956738,0,0,0,0,0,0,0,0,0,0,0,0,0,0,0,0,0,0,0,0,
1621593248,535452529,0,0,0,0,0,0,0,0,0,0,0,0,0,0,0,0,0,0,0,0,
1621593248,570388570,0,0,0,0,0,0,0,0,0,0,0,0,0,0,0,0,0,0,0,0,
1621593248,610060418,0,0,0,0,0,0,0,0,0,0,0,0,0,0,0,0,0,0,0,0,
1621593248,636898706,0,0,0,0,0,0,0,0,0,0,0,0,0,0,0,0,0,0,0,0,
1621593248,668636714,0,0,0,0,0,0,0,0,0,0,0,0,0,0,0,0,0,0,0,0,
1621593248,704365563,0,0,0,0,0,0,0,0,0,0,0,0,0,0,0,0,0,0,0,0,
1621593248,736633480,0,0,0,0,0,0,0,0,0,0,0,0,0,0,0,0,0,0,0,0,
1621593248,770688952,0,0,0,0,0,0,0,0,0,0,0,0,0,0,0,0,0,0,0,0,
1621593248,803384599,0,0,0,0,0,0,0,0,0,0,0,0,0,0,0,0,0,0,0,0,
1621593248,843886510,0,0,0,0,0,0,0,0,0,0,0,0,0,0,0,0,0,0,0,0,
1621593248,869299088,0,0,0,0,0,0,0,0,0,0,0,0,0,0,0,0,0,0,0,0,
1621593248,903022233,0,0,0,0,0,0,0,0,0,0,0,0,0,0,0,0,0,0,0,0,
1621593248,936077806,0,0,0,0,0,0,0,0,0,0,0,0,0,0,0,0,0,0,0,0,
1621593248,973668211,0,0,0,0,0,0,0,0,0,0,0,0,0,0,0,0,0,0,0,0,
1621593249,3209809,0,0,0,0,0,0,0,0,0,0,0,0,0,0,0,0,0,0,0,0,
1621593249,35916582,0,0,0,0,0,0,0,0,0,0,0,0,0,0,0,0,0,0,0,0,
1621593249,68877406,0,0,0,0,0,0,0,0,0,0,0,0,0,0,0,0,0,0,0,0,
1621593249,104895642,0,0,0,0,0,0,0,0,0,0,0,0,0,0,0,0,0,0,0,0,
1621593249,137093271,0,0,0,0,0,0,0,0,0,0,0,0,0,0,0,0,0,0,0,0,
1621593249,171639238,0,0,0,0,0,0,0,0,0,0,0,0,0,0,0,0,0,0,0,0,
1621593249,202936559,0,0,0,0,0,0,0,0,0,0,0,0,0,0,0,0,0,0,0,0,
1621593249,237427992,0,0,0,0,0,0,0,0,0,0,0,0,0,0,0,0,0,0,0,0,
1621593249,270285100,0,0,0,0,0,0,0,0,0,0,0,0,0,0,0,0,0,0,0,0,
1621593249,302231402,0,0,0,0,0,0,0,0,0,0,0,0,0,0,0,0,0,0,0,0,
1621593249,337051260,0,0,0,0,0,0,0,0,0,0,0,0,0,0,0,0,0,0,0,0,
1621593249,369748636,0,0,0,0,0,0,0,0,0,0,0,0,0,0,0,0,0,0,0,0,
1621593249,402598622,0,0,0,0,0,0,0,0,0,0,0,0,0,0,0,0,0,0,0,0,
1621593249,435391672,0,0,0,0,0,0,0,0,0,0,0,0,0,0,0,0,0,0,0,0,
1621593249,468702239,0,0,0,0,0,0,0,0,0,0,0,0,0,0,0,0,0,0,0,0,
1621593249,502138218,0,0,0,0,0,0,0,0,0,0,0,0,0,0,0,0,0,0,0,0,
1621593249,535932526,0,0,0,0,0,0,0,0,0,0,0,0,0,0,0,0,0,0,0,0,
1621593249,569868271,0,0,0,0,0,0,0,0,0,0,0,0,0,0,0,0,0,0,0,0,
1621593249,603264521,0,0,0,0,0,0,0,0,0,0,0,0,0,0,0,0,0,0,0,0,
1621593249,637457352,0,0,0,0,0,0,0,0,0,0,0,0,0,0,0,0,0,0,0,0,
1621593249,668649757,0,0,0,0,0,0,0,0,0,0,0,0,0,0,0,0,0,0,0,0,
1621593249,702152722,0,0,0,0,0,0,0,0,0,0,0,0,0,0,0,0,0,0,0,0,
1621593249,735228117,0,0,0,0,0,0,0,0,0,0,0,0,0,0,0,0,0,0,0,0,
1621593249,770214062,0,0,0,0,0,0,0,0,0,0,0,0,0,0,0,0,0,0,0,0,
1621593249,807375096,0,0,0,0,0,0,0,0,0,0,0,0,0,0,0,0,0,0,0,0,
1621593249,835673026,0,0,0,0,0,0,0,0,0,0,0,0,0,0,0,0,0,0,0,0,
1621593249,868884925,0,0,0,0,0,0,0,0,0,0,0,0,0,0,0,0,0,0,0,0,
1621593249,905544897,0,0,0,0,0,0,0,0,0,0,0,0,0,0,0,0,0,0,0,0,
1621593249,937391193,0,0,0,0,0,0,0,0,0,0,0,0,0,0,0,0,0,0,0,0,
1621593249,969564677,0,0,0,0,0,0,0,0,0,0,0,0,0,0,0,0,0,0,0,0,
1621593250,2753563,0,0,0,0,0,0,0,0,0,0,0,0,0,0,0,0,0,0,0,0,
1621593250,36142010,0,0,0,0,0,0,0,0,0,0,0,0,0,0,0,0,0,0,0,0,
1621593250,70299880,0,0,0,0,0,0,0,0,0,0,0,0,0,0,0,0,0,0,0,0,
1621593250,103471544,0,0,0,0,0,0,0,0,0,0,0,0,0,0,0,0,0,0,0,0,
1621593250,136915532,0,0,0,0,0,0,0,0,0,0,0,0,0,0,0,0,0,0,0,0,
1621593250,173690021,0,0,0,0,0,0,0,0,0,0,0,0,0,0,0,0,0,0,0,0,
1621593250,205289194,0,0,0,0,0,0,0,0,0,0,0,0,0,0,0,0,0,0,0,0,
1621593250,235964555,0,0,0,0,0,0,0,0,0,0,0,0,0,0,0,0,0,0,0,0,
1621593250,272053356,0,0,0,0,0,0,0,0,0,0,0,0,0,0,0,0,0,0,0,0,
1621593250,301617658,0,0,0,0,0,0,0,0,0,0,0,0,0,0,0,0,0,0,0,0,
1621593250,335441144,0,0,0,0,0,0,0,0,0,0,0,0,0,0,0,0,0,0,0,0,
1621593250,368954705,0,0,0,0,0,0,0,0,0,0,0,0,0,0,0,0,0,0,0,0,
1621593250,402957036,0,0,0,0,0,0,0,0,0,0,0,0,0,0,0,0,0,0,0,0,
1621593250,435174270,0,0,0,0,0,0,0,0,0,0,0,0,0,0,0,0,0,0,0,0,
1621593250,468898999,0,0,0,0,0,0,0,0,0,0,0,0,0,0,0,0,0,0,0,0,
1621593250,502138311,0,0,0,0,0,0,0,0,0,0,0,0,0,0,0,0,0,0,0,0,
1621593250,535088352,0,0,0,0,0,0,0,0,0,0,0,0,0,0,0,0,0,0,0,0,
1621593250,568302598,0,0,0,0,0,0,0,0,0,0,0,0,0,0,0,0,0,0,0,0,
1621593250,601918289,0,0,0,0,0,0,0,0,0,0,0,0,0,0,0,0,0,0,0,0,
1621593250,636093758,0,0,0,0,0,0,0,0,0,0,0,0,0,0,0,0,0,0,0,0,
1621593250,671714257,0,0,0,0,0,0,0,0,0,0,0,0,0,0,0,0,0,0,0,0,
1621593250,702686292,0,0,0,0,0,0,0,0,0,0,0,0,0,0,0,0,0,0,0,0,
1621593250,737070558,0,0,0,0,0,0,0,0,0,0,0,0,0,0,0,0,0,0,0,0,
1621593250,771377987,0,0,0,0,0,0,0,0,0,0,0,0,0,0,0,0,0,0,0,0,
1621593250,803825341,0,0,0,0,0,0,0,0,0,0,0,0,0,0,0,0,0,0,0,0,
1621593250,836323175,0,0,0,0,0,0,0,0,0,0,0,0,0,0,0,0,0,0,0,0,
1621593250,868899213,0,0,0,0,0,0,0,0,0,0,0,0,0,0,0,0,0,0,0,0,
